step,time_fs,Al_height_A,Al_Mg_slab_A,nCl_bonded,AlCl1_A,AlCl2_A,qAl_mulliken
0,0.0,3.400,3.731,2,2.216,2.303,0.4529
2,1.0,3.397,3.728,2,2.213,2.300,0.4509
4,2.0,3.396,3.726,2,2.210,2.298,0.4481
6,3.0,3.395,3.724,2,2.207,2.296,0.4447
8,4.0,3.395,3.722,2,2.206,2.296,0.4412
10,5.0,3.395,3.720,2,2.205,2.297,0.4378
12,6.0,3.396,3.718,2,2.204,2.299,0.4344
14,7.0,3.398,3.716,2,2.204,2.301,0.4319
16,8.0,3.400,3.714,2,2.205,2.303,0.4312
18,9.0,3.402,3.712,2,2.205,2.306,0.4325
20,10.0,3.405,3.710,2,2.206,2.308,0.4351
22,11.0,3.409,3.708,2,2.206,2.309,0.4379
24,12.0,3.414,3.706,2,2.206,2.310,0.4403
26,13.0,3.419,3.704,2,2.206,2.310,0.4411
28,14.0,3.425,3.702,2,2.206,2.309,0.4405
30,15.0,3.432,3.700,2,2.206,2.308,0.4391
32,16.0,3.438,3.698,2,2.206,2.307,0.4376
34,17.0,3.444,3.696,2,2.207,2.305,0.4368
36,18.0,3.449,3.694,2,2.207,2.304,0.4376
38,19.0,3.455,3.692,2,2.208,2.303,0.4396
40,20.0,3.460,3.690,2,2.209,2.302,0.4416
42,21.0,3.465,3.688,2,2.211,2.301,0.4433
44,22.0,3.470,3.686,2,2.212,2.300,0.4445
46,23.0,3.474,3.684,2,2.214,2.299,0.4450
48,24.0,3.478,3.682,2,2.216,2.298,0.4446
50,25.0,3.481,3.680,2,2.219,2.297,0.4435
52,26.0,3.484,3.678,2,2.221,2.296,0.4416
54,27.0,3.486,3.676,2,2.223,2.295,0.4396
56,28.0,3.488,3.674,2,2.226,2.294,0.4380
58,29.0,3.490,3.672,2,2.228,2.293,0.4376
60,30.0,3.492,3.670,2,2.230,2.290,0.4389
62,31.0,3.494,3.668,2,2.231,2.288,0.4409
64,32.0,3.495,3.666,2,2.232,2.284,0.4429
66,33.0,3.496,3.664,2,2.232,2.279,0.4445
68,34.0,3.497,3.662,2,2.232,2.273,0.4457
70,35.0,3.498,3.660,2,2.231,2.267,0.4462
72,36.0,3.500,3.658,2,2.229,2.260,0.4460
74,37.0,3.501,3.656,2,2.228,2.253,0.4450
76,38.0,3.502,3.654,2,2.227,2.246,0.4436
78,39.0,3.502,3.652,2,2.225,2.240,0.4421
80,40.0,3.502,3.650,2,2.224,2.233,0.4411
82,41.0,3.501,3.648,2,2.223,2.227,0.4406
84,42.0,3.500,3.646,2,2.222,2.223,0.4406
86,43.0,3.499,3.644,2,2.216,2.222,0.4409
88,44.0,3.497,3.642,2,2.211,2.222,0.4411
90,45.0,3.495,3.640,2,2.207,2.222,0.4406
92,46.0,3.493,3.638,2,2.202,2.222,0.4392
94,47.0,3.491,3.636,2,2.198,2.222,0.4370
96,48.0,3.488,3.634,2,2.193,2.221,0.4343
98,49.0,3.485,3.632,2,2.188,2.220,0.4315
100,50.0,3.482,3.630,2,2.183,2.218,0.4289
102,51.0,3.479,3.628,2,2.176,2.216,0.4269
104,52.0,3.477,3.626,2,2.170,2.213,0.4254
106,53.0,3.474,3.624,2,2.163,2.210,0.4244
108,54.0,3.472,3.622,2,2.155,2.206,0.4236
110,55.0,3.470,3.620,2,2.148,2.202,0.4228
112,56.0,3.467,3.618,2,2.142,2.198,0.4220
114,57.0,3.465,3.616,2,2.136,2.195,0.4211
116,58.0,3.461,3.614,2,2.130,2.191,0.4198
118,59.0,3.458,3.612,2,2.126,2.187,0.4178
120,60.0,3.453,3.610,2,2.122,2.184,0.4155
122,61.0,3.449,3.608,2,2.119,2.181,0.4133
124,62.0,3.444,3.606,2,2.116,2.178,0.4116
126,63.0,3.440,3.604,2,2.115,2.175,0.4104
128,64.0,3.435,3.602,2,2.114,2.172,0.4098
130,65.0,3.430,3.600,2,2.113,2.168,0.4097
132,66.0,3.424,3.598,2,2.112,2.165,0.4096
134,67.0,3.419,3.596,2,2.111,2.161,0.4088
136,68.0,3.413,3.594,2,2.110,2.157,0.4072
138,69.0,3.408,3.592,2,2.108,2.152,0.4048
140,70.0,3.403,3.590,2,2.105,2.148,0.4022
142,71.0,3.399,3.588,2,2.103,2.143,0.3999
144,72.0,3.395,3.586,2,2.101,2.138,0.3981
146,73.0,3.392,3.584,2,2.099,2.133,0.3968
148,74.0,3.388,3.582,2,2.098,2.129,0.3961
150,75.0,3.385,3.580,2,2.098,2.126,0.3955
152,76.0,3.382,3.578,2,2.099,2.122,0.3956
154,77.0,3.379,3.576,2,2.101,2.120,0.3964
156,78.0,3.376,3.574,2,2.104,2.118,0.3979
158,79.0,3.373,3.572,2,2.108,2.117,0.3999
160,80.0,3.370,3.570,2,2.113,2.116,0.4027
162,81.0,3.367,3.568,2,2.116,2.119,0.4059
164,82.0,3.363,3.566,2,2.117,2.125,0.4093
166,83.0,3.359,3.564,2,2.117,2.132,0.4134
168,84.0,3.356,3.562,2,2.119,2.139,0.4178
170,85.0,3.353,3.560,2,2.120,2.145,0.4223
172,86.0,3.351,3.558,2,2.122,2.151,0.4262
174,87.0,3.349,3.556,2,2.123,2.156,0.4302
176,88.0,3.347,3.554,2,2.126,2.162,0.4344
178,89.0,3.345,3.552,2,2.128,2.167,0.4382
180,90.0,3.344,3.550,2,2.131,2.172,0.4420
182,91.0,3.342,3.548,2,2.135,2.178,0.4461
184,92.0,3.341,3.546,2,2.139,2.183,0.4501
186,93.0,3.340,3.544,2,2.143,2.188,0.4539
188,94.0,3.340,3.542,2,2.148,2.194,0.4579
190,95.0,3.339,3.540,2,2.152,2.199,0.4616
192,96.0,3.338,3.538,2,2.157,2.204,0.4649
194,97.0,3.338,3.536,2,2.163,2.209,0.4681
196,98.0,3.338,3.534,2,2.168,2.215,0.4712
198,99.0,3.337,3.532,2,2.174,2.221,0.4744
200,100.0,3.337,3.530,2,2.180,2.228,0.4775
202,101.0,3.336,3.528,2,2.186,2.235,0.4805
204,102.0,3.335,3.526,2,2.193,2.242,0.4831
206,103.0,3.335,3.524,2,2.199,2.249,0.4853
208,104.0,3.335,3.522,2,2.205,2.256,0.4875
210,105.0,3.336,3.520,2,2.211,2.261,0.4894
212,106.0,3.336,3.518,2,2.216,2.266,0.4916
214,107.0,3.337,3.516,2,2.222,2.271,0.4936
216,108.0,3.338,3.514,2,2.227,2.275,0.4954
218,109.0,3.339,3.512,2,2.233,2.279,0.4973
220,110.0,3.340,3.510,2,2.238,2.282,0.4991
222,111.0,3.341,3.508,2,2.243,2.286,0.5007
224,112.0,3.342,3.506,2,2.247,2.288,0.5022
226,113.0,3.343,3.504,2,2.252,2.291,0.5036
228,114.0,3.345,3.502,2,2.256,2.293,0.5051
230,115.0,3.346,3.500,2,2.260,2.296,0.5065
232,116.0,3.347,3.498,2,2.264,2.298,0.5075
234,117.0,3.349,3.496,2,2.268,2.300,0.5084
236,118.0,3.350,3.494,2,2.271,2.302,0.5090
238,119.0,3.351,3.492,2,2.274,2.305,0.5093
240,120.0,3.352,3.490,2,2.276,2.307,0.5092
242,121.0,3.353,3.488,2,2.279,2.310,0.5083
244,122.0,3.354,3.486,2,2.281,2.313,0.5068
246,123.0,3.355,3.484,2,2.282,2.316,0.5051
248,124.0,3.355,3.482,2,2.284,2.318,0.5035
250,125.0,3.356,3.480,2,2.284,2.319,0.5011
252,126.0,3.357,3.478,2,2.284,2.319,0.4991
254,127.0,3.358,3.476,2,2.284,2.319,0.4970
256,128.0,3.359,3.474,2,2.283,2.318,0.4950
258,129.0,3.359,3.472,2,2.282,2.318,0.4927
260,130.0,3.359,3.470,2,2.281,2.318,0.4904
262,131.0,3.359,3.468,2,2.279,2.319,0.4879
264,132.0,3.359,3.466,2,2.277,2.319,0.4856
266,133.0,3.360,3.464,2,2.275,2.318,0.4826
268,134.0,3.360,3.462,2,2.272,2.316,0.4794
270,135.0,3.360,3.460,2,2.269,2.314,0.4760
272,136.0,3.361,3.458,2,2.265,2.311,0.4724
274,137.0,3.361,3.456,2,2.261,2.308,0.4693
276,138.0,3.361,3.454,2,2.256,2.304,0.4663
278,139.0,3.362,3.452,2,2.252,2.299,0.4634
280,140.0,3.362,3.450,2,2.246,2.294,0.4603
282,141.0,3.363,3.448,2,2.241,2.288,0.4572
284,142.0,3.363,3.446,2,2.235,2.282,0.4538
286,143.0,3.364,3.444,2,2.229,2.276,0.4496
288,144.0,3.364,3.442,2,2.223,2.268,0.4446
290,145.0,3.365,3.440,2,2.217,2.261,0.4391
292,146.0,3.365,3.438,2,2.210,2.253,0.4336
294,147.0,3.365,3.436,2,2.204,2.246,0.4286
296,148.0,3.365,3.434,2,2.198,2.239,0.4245
298,149.0,3.365,3.432,2,2.192,2.234,0.4208
300,150.0,3.365,3.430,2,2.186,2.229,0.4175
302,151.0,3.365,3.428,2,2.181,2.225,0.4140
304,152.0,3.364,3.426,2,2.175,2.222,0.4103
306,153.0,3.364,3.424,2,2.170,2.220,0.4061
308,154.0,3.363,3.422,2,2.165,2.217,0.4019
310,155.0,3.362,3.420,2,2.160,2.213,0.3972
312,156.0,3.361,3.418,2,2.155,2.210,0.3922
314,157.0,3.360,3.416,2,2.150,2.206,0.3870
316,158.0,3.359,3.414,2,2.146,2.201,0.3820
318,159.0,3.358,3.412,2,2.141,2.197,0.3773
320,160.0,3.357,3.410,2,2.137,2.192,0.3735
322,161.0,3.355,3.408,2,2.133,2.187,0.3700
324,162.0,3.354,3.406,2,2.130,2.182,0.3668
326,163.0,3.353,3.404,2,2.127,2.178,0.3636
328,164.0,3.352,3.402,2,2.124,2.173,0.3605
330,165.0,3.351,3.400,2,2.122,2.169,0.3574
332,166.0,3.350,3.398,2,2.120,2.166,0.3543
334,167.0,3.349,3.396,2,2.119,2.163,0.3516
336,168.0,3.348,3.394,2,2.119,2.161,0.3496
338,169.0,3.346,3.392,2,2.118,2.159,0.3484
340,170.0,3.345,3.390,2,2.118,2.156,0.3478
342,171.0,3.344,3.388,2,2.119,2.153,0.3471
344,172.0,3.343,3.386,2,2.120,2.150,0.3463
346,173.0,3.342,3.384,2,2.121,2.149,0.3450
348,174.0,3.340,3.382,2,2.123,2.147,0.3430
350,175.0,3.338,3.380,2,2.125,2.145,0.3410
352,176.0,3.337,3.378,2,2.128,2.143,0.3386
354,177.0,3.335,3.376,2,2.130,2.141,0.3358
356,178.0,3.333,3.374,2,2.133,2.139,0.3332
358,179.0,3.332,3.372,2,2.136,2.138,0.3314
360,180.0,3.331,3.370,2,2.137,2.140,0.3311
362,181.0,3.329,3.368,2,2.137,2.144,0.3319
364,182.0,3.328,3.366,2,2.137,2.148,0.3332
366,183.0,3.327,3.364,2,2.137,2.152,0.3344
368,184.0,3.326,3.362,2,2.138,2.156,0.3345
370,185.0,3.326,3.360,2,2.138,2.160,0.3339
372,186.0,3.325,3.358,2,2.140,2.164,0.3328
374,187.0,3.324,3.356,2,2.142,2.168,0.3316
376,188.0,3.323,3.354,2,2.143,2.172,0.3309
378,189.0,3.322,3.352,2,2.144,2.175,0.3313
380,190.0,3.321,3.350,2,2.146,2.179,0.3329
382,191.0,3.320,3.348,2,2.148,2.182,0.3358
384,192.0,3.319,3.346,2,2.150,2.185,0.3400
386,193.0,3.318,3.344,2,2.153,2.189,0.3451
388,194.0,3.316,3.342,2,2.156,2.192,0.3506
390,195.0,3.315,3.340,2,2.160,2.195,0.3559
392,196.0,3.314,3.338,2,2.164,2.199,0.3600
394,197.0,3.312,3.336,2,2.168,2.201,0.3618
396,198.0,3.311,3.334,2,2.172,2.204,0.3617
398,199.0,3.310,3.332,2,2.177,2.207,0.3612
400,200.0,3.309,3.330,2,2.182,2.209,0.3612
402,201.0,3.308,3.328,2,2.187,2.212,0.3625
404,202.0,3.306,3.326,2,2.191,2.214,0.3652
406,203.0,3.305,3.324,2,2.196,2.215,0.3690
408,204.0,3.304,3.322,2,2.200,2.216,0.3735
410,205.0,3.303,3.320,2,2.205,2.217,0.3779
412,206.0,3.302,3.318,2,2.209,2.218,0.3822
414,207.0,3.301,3.316,2,2.215,2.219,0.3861
416,208.0,3.299,3.314,2,2.220,2.220,0.3896
418,209.0,3.298,3.312,2,2.221,2.227,0.3928
420,210.0,3.296,3.310,2,2.222,2.233,0.3964
422,211.0,3.295,3.308,2,2.222,2.239,0.3998
424,212.0,3.293,3.306,2,2.222,2.244,0.4023
426,213.0,3.291,3.304,2,2.223,2.249,0.4047
428,214.0,3.290,3.302,2,2.222,2.255,0.4078
430,215.0,3.288,3.300,2,2.222,2.260,0.4112
432,216.0,3.286,3.298,2,2.221,2.264,0.4141
434,217.0,3.284,3.296,2,2.220,2.268,0.4160
436,218.0,3.282,3.294,2,2.218,2.271,0.4166
438,219.0,3.280,3.292,2,2.216,2.274,0.4159
440,220.0,3.277,3.290,2,2.213,2.277,0.4151
442,221.0,3.275,3.288,2,2.211,2.279,0.4143
444,222.0,3.273,3.286,2,2.209,2.281,0.4138
446,223.0,3.271,3.284,2,2.207,2.284,0.4142
448,224.0,3.268,3.282,2,2.205,2.287,0.4156
450,225.0,3.266,3.280,2,2.204,2.290,0.4182
452,226.0,3.263,3.278,2,2.203,2.293,0.4222
454,227.0,3.260,3.276,2,2.202,2.296,0.4265
456,228.0,3.258,3.274,2,2.200,2.298,0.4291
458,229.0,3.255,3.272,2,2.199,2.300,0.4305
460,230.0,3.252,3.270,2,2.198,2.302,0.4310
462,231.0,3.249,3.268,2,2.197,2.304,0.4319
464,232.0,3.247,3.266,2,2.196,2.306,0.4337
466,233.0,3.244,3.264,2,2.194,2.306,0.4361
468,234.0,3.241,3.262,2,2.193,2.307,0.4390
470,235.0,3.238,3.260,2,2.191,2.307,0.4425
472,236.0,3.235,3.258,2,2.190,2.306,0.4465
474,237.0,3.231,3.256,2,2.189,2.306,0.4506
476,238.0,3.228,3.254,2,2.188,2.306,0.4545
478,239.0,3.225,3.252,2,2.188,2.307,0.4581
480,240.0,3.221,3.250,2,2.188,2.306,0.4603
482,241.0,3.218,3.248,2,2.188,2.305,0.4611
484,242.0,3.214,3.246,2,2.188,2.304,0.4599
486,243.0,3.210,3.244,2,2.188,2.303,0.4589
488,244.0,3.207,3.242,2,2.188,2.302,0.4580
490,245.0,3.203,3.240,2,2.188,2.299,0.4579
492,246.0,3.199,3.238,2,2.188,2.297,0.4589
494,247.0,3.195,3.236,2,2.188,2.294,0.4600
496,248.0,3.191,3.234,2,2.188,2.291,0.4616
498,249.0,3.187,3.232,2,2.189,2.289,0.4636
500,250.0,3.183,3.230,2,2.190,2.286,0.4664
502,251.0,3.179,3.228,2,2.191,2.283,0.4681
504,252.0,3.175,3.226,2,2.191,2.279,0.4698
506,253.0,3.171,3.224,2,2.193,2.276,0.4705
508,254.0,3.167,3.222,2,2.194,2.273,0.4720
510,255.0,3.163,3.220,2,2.195,2.270,0.4739
512,256.0,3.159,3.218,2,2.196,2.266,0.4759
514,257.0,3.155,3.216,2,2.196,2.262,0.4783
516,258.0,3.150,3.214,2,2.196,2.257,0.4805
518,259.0,3.147,3.212,2,2.197,2.253,0.4822
520,260.0,3.143,3.210,2,2.197,2.249,0.4837
522,261.0,3.139,3.208,2,2.198,2.245,0.4852
524,262.0,3.135,3.206,2,2.199,2.241,0.4865
526,263.0,3.131,3.204,2,2.200,2.237,0.4867
528,264.0,3.127,3.202,2,2.199,2.232,0.4853
530,265.0,3.124,3.200,2,2.198,2.227,0.4841
532,266.0,3.121,3.198,2,2.197,2.223,0.4834
534,267.0,3.118,3.196,2,2.197,2.219,0.4827
536,268.0,3.115,3.194,2,2.198,2.216,0.4824
538,269.0,3.113,3.192,2,2.198,2.213,0.4824
540,270.0,3.111,3.190,2,2.198,2.211,0.4823
542,271.0,3.109,3.188,2,2.197,2.208,0.4819
544,272.0,3.107,3.186,2,2.196,2.204,0.4815
546,273.0,3.106,3.184,2,2.194,2.201,0.4810
548,274.0,3.105,3.182,2,2.191,2.197,0.4806
550,275.0,3.104,3.180,2,2.189,2.194,0.4802
552,276.0,3.104,3.178,2,2.185,2.190,0.4801
554,277.0,3.104,3.176,2,2.181,2.186,0.4802
556,278.0,3.104,3.174,2,2.176,2.183,0.4801
558,279.0,3.104,3.172,2,2.170,2.179,0.4794
560,280.0,3.104,3.170,2,2.165,2.175,0.4776
562,281.0,3.104,3.168,2,2.159,2.171,0.4751
564,282.0,3.105,3.166,2,2.153,2.168,0.4717
566,283.0,3.105,3.164,2,2.148,2.167,0.4674
568,284.0,3.105,3.162,2,2.144,2.166,0.4631
570,285.0,3.104,3.160,2,2.141,2.167,0.4590
572,286.0,3.104,3.158,2,2.139,2.170,0.4547
574,287.0,3.104,3.156,2,2.138,2.174,0.4501
576,288.0,3.104,3.154,2,2.137,2.179,0.4459
578,289.0,3.104,3.152,2,2.137,2.183,0.4422
580,290.0,3.104,3.150,2,2.136,2.188,0.4388
582,291.0,3.103,3.148,2,2.135,2.193,0.4356
584,292.0,3.103,3.146,2,2.133,2.198,0.4325
586,293.0,3.103,3.144,2,2.132,2.203,0.4296
588,294.0,3.103,3.142,2,2.130,2.208,0.4265
590,295.0,3.103,3.140,2,2.128,2.212,0.4234
592,296.0,3.102,3.138,2,2.126,2.217,0.4209
594,297.0,3.102,3.136,2,2.124,2.222,0.4197
596,298.0,3.102,3.134,2,2.122,2.226,0.4198
598,299.0,3.102,3.132,2,2.121,2.231,0.4206
600,300.0,3.101,3.130,2,2.119,2.235,0.4218
602,301.0,3.101,3.128,2,2.118,2.239,0.4232
604,302.0,3.100,3.126,2,2.117,2.243,0.4242
606,303.0,3.100,3.124,2,2.117,2.247,0.4245
608,304.0,3.100,3.122,2,2.117,2.251,0.4240
610,305.0,3.099,3.120,2,2.117,2.254,0.4231
612,306.0,3.098,3.118,2,2.117,2.258,0.4219
614,307.0,3.097,3.116,2,2.118,2.260,0.4203
616,308.0,3.097,3.114,2,2.119,2.263,0.4186
618,309.0,3.096,3.112,2,2.121,2.265,0.4165
620,310.0,3.095,3.110,2,2.123,2.267,0.4141
622,311.0,3.094,3.108,2,2.125,2.268,0.4114
624,312.0,3.093,3.106,2,2.127,2.269,0.4086
626,313.0,3.091,3.104,2,2.130,2.269,0.4058
628,314.0,3.090,3.102,2,2.133,2.269,0.4029
630,315.0,3.088,3.100,2,2.136,2.268,0.3993
632,316.0,3.087,3.098,2,2.139,2.267,0.3957
634,317.0,3.086,3.096,2,2.142,2.264,0.3928
636,318.0,3.084,3.094,2,2.145,2.262,0.3900
638,319.0,3.083,3.092,2,2.148,2.258,0.3889
640,320.0,3.081,3.090,2,2.151,2.254,0.3887
642,321.0,3.080,3.088,2,2.155,2.251,0.3893
644,322.0,3.078,3.086,2,2.160,2.247,0.3901
646,323.0,3.076,3.084,2,2.165,2.245,0.3904
648,324.0,3.074,3.082,2,2.171,2.243,0.3901
650,325.0,3.072,3.080,2,2.177,2.242,0.3896
652,326.0,3.070,3.078,2,2.184,2.241,0.3882
654,327.0,3.068,3.076,2,2.191,2.241,0.3863
656,328.0,3.065,3.074,2,2.197,2.240,0.3842
658,329.0,3.063,3.072,2,2.204,2.239,0.3826
660,330.0,3.061,3.070,2,2.210,2.237,0.3815
662,331.0,3.059,3.068,2,2.216,2.234,0.3807
664,332.0,3.056,3.066,2,2.222,2.232,0.3798
666,333.0,3.054,3.064,2,2.227,2.229,0.3787
668,334.0,3.051,3.062,2,2.225,2.231,0.3771
670,335.0,3.049,3.060,2,2.222,2.235,0.3751
672,336.0,3.047,3.058,2,2.218,2.239,0.3727
674,337.0,3.044,3.056,2,2.214,2.243,0.3710
676,338.0,3.042,3.054,2,2.210,2.246,0.3683
678,339.0,3.040,3.052,2,2.206,2.248,0.3665
680,340.0,3.037,3.050,2,2.202,2.250,0.3658
682,341.0,3.035,3.048,2,2.199,2.252,0.3662
684,342.0,3.032,3.046,2,2.195,2.254,0.3675
686,343.0,3.030,3.044,2,2.192,2.255,0.3689
688,344.0,3.028,3.042,2,2.189,2.255,0.3699
690,345.0,3.025,3.040,2,2.186,2.256,0.3700
692,346.0,3.023,3.038,2,2.184,2.256,0.3691
694,347.0,3.020,3.036,2,2.183,2.256,0.3673
696,348.0,3.018,3.034,2,2.182,2.255,0.3647
698,349.0,3.015,3.032,2,2.182,2.255,0.3623
700,350.0,3.013,3.030,2,2.183,2.254,0.3593
702,351.0,3.010,3.028,2,2.185,2.253,0.3573
704,352.0,3.008,3.026,2,2.186,2.251,0.3564
706,353.0,3.005,3.024,2,2.188,2.249,0.3553
708,354.0,3.003,3.022,2,2.190,2.246,0.3542
710,355.0,3.000,3.020,2,2.193,2.244,0.3528
712,356.0,2.998,3.018,2,2.196,2.241,0.3519
714,357.0,2.995,3.016,2,2.200,2.237,0.3510
716,358.0,2.993,3.014,2,2.203,2.233,0.3499
718,359.0,2.991,3.012,2,2.206,2.229,0.3487
720,360.0,2.988,3.010,2,2.209,2.224,0.3482
722,361.0,2.986,3.008,2,2.213,2.218,0.3472
724,362.0,2.984,3.006,2,2.213,2.216,0.3479
726,363.0,2.982,3.004,2,2.208,2.221,0.3500
728,364.0,2.979,3.002,2,2.202,2.225,0.3534
730,365.0,2.977,3.000,2,2.197,2.230,0.3576
732,366.0,2.975,2.998,2,2.192,2.235,0.3620
734,367.0,2.973,2.996,2,2.186,2.240,0.3643
736,368.0,2.970,2.994,2,2.180,2.244,0.3650
738,369.0,2.968,2.992,2,2.175,2.248,0.3634
740,370.0,2.965,2.990,2,2.169,2.252,0.3616
742,371.0,2.963,2.988,2,2.164,2.256,0.3597
744,372.0,2.961,2.986,2,2.158,2.259,0.3575
746,373.0,2.958,2.984,2,2.153,2.262,0.3566
748,374.0,2.956,2.982,2,2.147,2.264,0.3569
750,375.0,2.954,2.980,2,2.142,2.266,0.3578
752,376.0,2.952,2.978,2,2.137,2.267,0.3597
754,377.0,2.950,2.976,2,2.133,2.269,0.3611
756,378.0,2.948,2.974,2,2.129,2.271,0.3623
758,379.0,2.945,2.972,2,2.126,2.272,0.3634
760,380.0,2.943,2.970,2,2.123,2.273,0.3645
762,381.0,2.941,2.968,2,2.120,2.273,0.3643
764,382.0,2.939,2.966,2,2.118,2.273,0.3638
766,383.0,2.937,2.964,2,2.116,2.273,0.3622
768,384.0,2.934,2.962,2,2.115,2.273,0.3619
770,385.0,2.932,2.960,2,2.115,2.272,0.3636
772,386.0,2.929,2.958,2,2.114,2.270,0.3661
774,387.0,2.927,2.956,2,2.114,2.268,0.3695
776,388.0,2.924,2.954,2,2.114,2.265,0.3730
778,389.0,2.921,2.952,2,2.115,2.262,0.3761
780,390.0,2.918,2.950,2,2.117,2.258,0.3784
782,391.0,2.915,2.948,2,2.119,2.255,0.3801
784,392.0,2.911,2.946,2,2.121,2.252,0.3817
786,393.0,2.908,2.944,2,2.124,2.249,0.3832
788,394.0,2.904,2.942,2,2.127,2.244,0.3848
790,395.0,2.901,2.940,2,2.131,2.239,0.3876
792,396.0,2.897,2.938,2,2.134,2.235,0.3905
794,397.0,2.893,2.936,2,2.139,2.230,0.3940
796,398.0,2.890,2.934,2,2.143,2.226,0.3987
798,399.0,2.886,2.932,2,2.148,2.220,0.4034
800,400.0,2.883,2.930,2,2.152,2.215,0.4079
802,401.0,2.880,2.928,2,2.156,2.209,0.4119
804,402.0,2.877,2.926,2,2.160,2.203,0.4150
806,403.0,2.874,2.924,2,2.164,2.197,0.4177
808,404.0,2.871,2.922,2,2.168,2.192,0.4210
810,405.0,2.868,2.920,2,2.173,2.187,0.4250
812,406.0,2.864,2.918,2,2.178,2.182,0.4301
814,407.0,2.861,2.916,2,2.179,2.183,0.4363
816,408.0,2.858,2.914,2,2.175,2.188,0.4431
818,409.0,2.854,2.912,2,2.171,2.193,0.4486
820,410.0,2.851,2.910,2,2.167,2.196,0.4529
822,411.0,2.848,2.908,2,2.164,2.200,0.4563
824,412.0,2.844,2.906,2,2.162,2.204,0.4572
826,413.0,2.841,2.904,2,2.160,2.207,0.4570
828,414.0,2.838,2.902,2,2.159,2.210,0.4563
830,415.0,2.835,2.900,2,2.158,2.213,0.4554
832,416.0,2.832,2.898,2,2.156,2.215,0.4546
834,417.0,2.829,2.896,2,2.155,2.215,0.4546
836,418.0,2.826,2.894,2,2.153,2.216,0.4558
838,419.0,2.823,2.892,2,2.152,2.215,0.4578
840,420.0,2.821,2.890,2,2.151,2.214,0.4599
842,421.0,2.818,2.888,2,2.151,2.213,0.4620
844,422.0,2.816,2.886,2,2.151,2.212,0.4639
846,423.0,2.814,2.884,2,2.152,2.210,0.4648
848,424.0,2.812,2.882,2,2.153,2.208,0.4650
850,425.0,2.810,2.880,2,2.155,2.206,0.4654
852,426.0,2.809,2.878,2,2.158,2.204,0.4659
854,427.0,2.807,2.876,2,2.161,2.202,0.4674
856,428.0,2.806,2.874,2,2.166,2.201,0.4703
858,429.0,2.804,2.872,2,2.171,2.199,0.4744
860,430.0,2.803,2.870,2,2.176,2.198,0.4789
862,431.0,2.802,2.868,2,2.182,2.197,0.4825
864,432.0,2.801,2.866,2,2.188,2.195,0.4847
866,433.0,2.800,2.864,2,2.193,2.193,0.4854
868,434.0,2.799,2.862,2,2.189,2.198,0.4843
870,435.0,2.798,2.860,2,2.185,2.201,0.4820
872,436.0,2.797,2.858,2,2.179,2.203,0.4788
874,437.0,2.796,2.856,2,2.173,2.205,0.4750
876,438.0,2.795,2.854,2,2.166,2.206,0.4722
878,439.0,2.794,2.852,2,2.160,2.208,0.4705
880,440.0,2.792,2.850,2,2.154,2.209,0.4698
882,441.0,2.790,2.848,2,2.149,2.211,0.4698
884,442.0,2.788,2.846,2,2.144,2.213,0.4698
886,443.0,2.786,2.844,2,2.141,2.216,0.4692
888,444.0,2.783,2.842,2,2.138,2.219,0.4681
890,445.0,2.781,2.840,2,2.136,2.222,0.4667
892,446.0,2.779,2.838,2,2.135,2.225,0.4651
894,447.0,2.776,2.836,2,2.135,2.228,0.4637
896,448.0,2.774,2.834,2,2.135,2.232,0.4632
898,449.0,2.771,2.832,2,2.137,2.235,0.4634
900,450.0,2.768,2.830,2,2.139,2.238,0.4646
902,451.0,2.765,2.828,2,2.141,2.241,0.4660
904,452.0,2.762,2.826,2,2.143,2.242,0.4663
906,453.0,2.759,2.824,2,2.145,2.242,0.4656
908,454.0,2.757,2.822,2,2.146,2.241,0.4638
910,455.0,2.754,2.820,2,2.147,2.239,0.4609
912,456.0,2.752,2.818,2,2.147,2.236,0.4560
914,457.0,2.749,2.816,2,2.148,2.233,0.4504
916,458.0,2.747,2.814,2,2.149,2.229,0.4453
918,459.0,2.745,2.812,2,2.151,2.225,0.4415
920,460.0,2.742,2.810,2,2.154,2.221,0.4388
922,461.0,2.740,2.808,2,2.158,2.217,0.4371
924,462.0,2.737,2.806,2,2.162,2.213,0.4362
926,463.0,2.733,2.804,2,2.168,2.209,0.4360
928,464.0,2.730,2.802,2,2.174,2.206,0.4367
930,465.0,2.726,2.800,2,2.180,2.202,0.4375
932,466.0,2.722,2.798,2,2.188,2.199,0.4381
934,467.0,2.718,2.796,2,2.195,2.195,0.4388
936,468.0,2.714,2.794,2,2.192,2.203,0.4390
938,469.0,2.710,2.792,2,2.189,2.211,0.4384
940,470.0,2.706,2.790,2,2.185,2.218,0.4368
942,471.0,2.703,2.788,2,2.180,2.224,0.4344
944,472.0,2.699,2.786,2,2.175,2.230,0.4317
946,473.0,2.696,2.784,2,2.170,2.235,0.4289
948,474.0,2.693,2.782,2,2.164,2.239,0.4259
950,475.0,2.691,2.780,2,2.158,2.243,0.4224
952,476.0,2.688,2.778,2,2.152,2.246,0.4188
954,477.0,2.685,2.776,2,2.147,2.248,0.4154
956,478.0,2.682,2.774,2,2.142,2.251,0.4118
958,479.0,2.679,2.772,2,2.138,2.254,0.4087
960,480.0,2.675,2.770,2,2.135,2.257,0.4054
962,481.0,2.671,2.768,2,2.133,2.259,0.4024
964,482.0,2.667,2.766,2,2.131,2.262,0.3998
966,483.0,2.663,2.764,2,2.131,2.264,0.3978
968,484.0,2.659,2.762,2,2.131,2.266,0.3965
970,485.0,2.656,2.760,2,2.132,2.268,0.3959
972,486.0,2.652,2.758,2,2.133,2.269,0.3956
974,487.0,2.649,2.756,2,2.135,2.269,0.3953
976,488.0,2.647,2.754,2,2.136,2.269,0.3943
978,489.0,2.645,2.752,2,2.138,2.267,0.3931
980,490.0,2.644,2.750,2,2.140,2.264,0.3910
982,491.0,2.643,2.748,2,2.142,2.259,0.3881
984,492.0,2.642,2.746,2,2.144,2.254,0.3852
986,493.0,2.642,2.744,2,2.147,2.249,0.3823
988,494.0,2.641,2.742,2,2.150,2.243,0.3796
990,495.0,2.640,2.740,2,2.154,2.237,0.3772
992,496.0,2.640,2.738,2,2.159,2.231,0.3754
994,497.0,2.639,2.736,2,2.164,2.225,0.3735
996,498.0,2.638,2.734,2,2.170,2.219,0.3723
998,499.0,2.637,2.732,2,2.176,2.213,0.3709
1000,500.0,2.636,2.730,2,2.183,2.207,0.3691
1002,501.0,2.635,2.728,2,2.191,2.201,0.3678
1004,502.0,2.634,2.726,2,2.194,2.198,0.3666
1006,503.0,2.633,2.724,2,2.187,2.205,0.3652
1008,504.0,2.632,2.722,2,2.180,2.212,0.3633
1010,505.0,2.632,2.720,2,2.171,2.219,0.3608
1012,506.0,2.631,2.718,2,2.163,2.225,0.3585
1014,507.0,2.631,2.716,2,2.154,2.230,0.3555
1016,508.0,2.632,2.714,2,2.145,2.235,0.3522
1018,509.0,2.632,2.712,2,2.136,2.240,0.3481
1020,510.0,2.632,2.710,2,2.127,2.244,0.3439
1022,511.0,2.633,2.708,2,2.119,2.247,0.3401
1024,512.0,2.633,2.706,2,2.111,2.251,0.3364
1026,513.0,2.632,2.704,2,2.104,2.255,0.3322
1028,514.0,2.632,2.702,2,2.098,2.259,0.3291
1030,515.0,2.631,2.700,2,2.093,2.262,0.3262
1032,516.0,2.630,2.698,2,2.089,2.265,0.3241
1034,517.0,2.628,2.696,2,2.086,2.268,0.3228
1036,518.0,2.626,2.694,2,2.084,2.271,0.3221
1038,519.0,2.624,2.692,2,2.082,2.272,0.3217
1040,520.0,2.621,2.690,2,2.082,2.273,0.3208
1042,521.0,2.619,2.688,2,2.081,2.273,0.3194
1044,522.0,2.617,2.686,2,2.082,2.272,0.3183
1046,523.0,2.615,2.684,2,2.083,2.270,0.3170
1048,524.0,2.613,2.682,2,2.084,2.267,0.3155
1050,525.0,2.611,2.680,2,2.086,2.263,0.3145
1052,526.0,2.609,2.678,2,2.089,2.258,0.3140
1054,527.0,2.607,2.676,2,2.092,2.253,0.3143
1056,528.0,2.605,2.674,2,2.097,2.247,0.3155
1058,529.0,2.603,2.672,2,2.102,2.242,0.3172
1060,530.0,2.600,2.670,2,2.108,2.236,0.3193
1062,531.0,2.598,2.668,2,2.116,2.230,0.3212
1064,532.0,2.595,2.666,2,2.124,2.224,0.3232
1066,533.0,2.592,2.664,2,2.132,2.219,0.3250
1068,534.0,2.589,2.662,2,2.141,2.214,0.3267
1070,535.0,2.585,2.660,2,2.150,2.209,0.3285
1072,536.0,2.582,2.658,2,2.160,2.203,0.3297
1074,537.0,2.578,2.656,2,2.170,2.198,0.3305
1076,538.0,2.575,2.654,2,2.179,2.193,0.3306
1078,539.0,2.572,2.652,2,2.187,2.188,0.3301
1080,540.0,2.569,2.650,2,2.181,2.197,0.3295
1082,541.0,2.566,2.648,2,2.175,2.205,0.3289
1084,542.0,2.564,2.646,2,2.169,2.212,0.3278
1086,543.0,2.562,2.644,2,2.163,2.219,0.3260
1088,544.0,2.560,2.642,2,2.158,2.226,0.3244
1090,545.0,2.558,2.640,2,2.153,2.231,0.3235
1092,546.0,2.557,2.638,2,2.148,2.237,0.3227
1094,547.0,2.555,2.636,2,2.145,2.242,0.3224
1096,548.0,2.554,2.634,2,2.143,2.247,0.3225
1098,549.0,2.552,2.632,2,2.142,2.252,0.3228
1100,550.0,2.550,2.630,2,2.141,2.256,0.3232
1102,551.0,2.548,2.628,2,2.142,2.260,0.3240
1104,552.0,2.546,2.626,2,2.144,2.263,0.3253
1106,553.0,2.544,2.624,2,2.147,2.266,0.3271
1108,554.0,2.542,2.622,2,2.151,2.268,0.3291
1110,555.0,2.540,2.620,2,2.156,2.270,0.3315
1112,556.0,2.538,2.618,2,2.161,2.272,0.3344
1114,557.0,2.536,2.616,2,2.167,2.272,0.3378
1116,558.0,2.534,2.614,2,2.173,2.272,0.3395
1118,559.0,2.533,2.612,2,2.178,2.271,0.3409
1120,560.0,2.533,2.610,2,2.184,2.269,0.3419
1122,561.0,2.532,2.608,2,2.189,2.266,0.3418
1124,562.0,2.532,2.606,2,2.195,2.262,0.3411
1126,563.0,2.533,2.604,2,2.201,2.258,0.3406
1128,564.0,2.533,2.602,2,2.207,2.253,0.3402
1130,565.0,2.533,2.600,2,2.214,2.249,0.3399
1132,566.0,2.533,2.598,2,2.221,2.244,0.3407
1134,567.0,2.532,2.596,2,2.229,2.239,0.3416
1136,568.0,2.532,2.594,2,2.234,2.237,0.3429
1138,569.0,2.531,2.592,2,2.229,2.246,0.3445
1140,570.0,2.530,2.590,2,2.224,2.256,0.3458
1142,571.0,2.529,2.588,2,2.220,2.266,0.3469
1144,572.0,2.528,2.586,2,2.215,2.276,0.3476
1146,573.0,2.527,2.584,2,2.210,2.287,0.3476
1148,574.0,2.526,2.582,2,2.205,2.297,0.3474
1150,575.0,2.525,2.580,2,2.201,2.307,0.3474
1152,576.0,2.524,2.578,2,2.196,2.317,0.3461
1154,577.0,2.524,2.576,2,2.191,2.325,0.3443
1156,578.0,2.524,2.574,2,2.186,2.333,0.3429
1158,579.0,2.523,2.572,2,2.180,2.340,0.3405
1160,580.0,2.523,2.570,2,2.175,2.345,0.3378
1162,581.0,2.523,2.568,2,2.170,2.351,0.3351
1164,582.0,2.523,2.566,2,2.165,2.356,0.3319
1166,583.0,2.522,2.564,2,2.161,2.361,0.3282
1168,584.0,2.521,2.562,2,2.158,2.366,0.3247
1170,585.0,2.519,2.560,2,2.155,2.371,0.3221
1172,586.0,2.517,2.558,2,2.152,2.375,0.3198
1174,587.0,2.515,2.556,2,2.151,2.380,0.3183
1176,588.0,2.513,2.554,2,2.150,2.385,0.3179
1178,589.0,2.511,2.552,2,2.150,2.389,0.3189
1180,590.0,2.508,2.550,2,2.151,2.394,0.3212
1182,591.0,2.506,2.548,2,2.152,2.398,0.3245
1184,592.0,2.504,2.546,2,2.154,2.401,0.3280
1186,593.0,2.501,2.544,2,2.157,2.404,0.3302
1188,594.0,2.499,2.542,2,2.159,2.406,0.3317
1190,595.0,2.497,2.540,2,2.162,2.407,0.3328
1192,596.0,2.496,2.538,2,2.164,2.407,0.3334
1194,597.0,2.494,2.536,2,2.167,2.405,0.3334
1196,598.0,2.492,2.534,2,2.170,2.403,0.3333
1198,599.0,2.490,2.532,2,2.174,2.401,0.3338
1200,600.0,2.488,2.530,2,2.177,2.398,0.3347
1202,601.0,2.486,2.528,2,2.182,2.395,0.3363
1204,602.0,2.484,2.526,2,2.187,2.392,0.3384
1206,603.0,2.481,2.524,2,2.192,2.389,0.3404
1208,604.0,2.478,2.522,2,2.197,2.386,0.3418
1210,605.0,2.475,2.520,2,2.204,2.383,0.3425
1212,606.0,2.471,2.518,2,2.210,2.380,0.3428
1214,607.0,2.467,2.516,2,2.217,2.377,0.3433
1216,608.0,2.464,2.514,2,2.224,2.375,0.3440
1218,609.0,2.460,2.512,2,2.231,2.372,0.3453
1220,610.0,2.456,2.510,2,2.238,2.369,0.3473
1222,611.0,2.453,2.508,2,2.244,2.365,0.3500
1224,612.0,2.450,2.506,2,2.250,2.361,0.3526
1226,613.0,2.447,2.504,2,2.256,2.356,0.3547
1228,614.0,2.444,2.502,2,2.262,2.350,0.3557
1230,615.0,2.442,2.500,2,2.267,2.345,0.3557
1232,616.0,2.440,2.498,2,2.272,2.339,0.3551
1234,617.0,2.437,2.496,2,2.276,2.333,0.3541
1236,618.0,2.435,2.494,2,2.281,2.328,0.3531
1238,619.0,2.432,2.492,2,2.285,2.323,0.3529
1240,620.0,2.429,2.490,2,2.290,2.319,0.3535
1242,621.0,2.425,2.488,2,2.294,2.315,0.3547
1244,622.0,2.422,2.486,2,2.298,2.312,0.3556
1246,623.0,2.418,2.484,2,2.302,2.310,0.3561
1248,624.0,2.414,2.482,2,2.305,2.307,0.3559
1250,625.0,2.410,2.480,2,2.305,2.308,0.3546
1252,626.0,2.406,2.478,2,2.303,2.311,0.3524
1254,627.0,2.402,2.476,2,2.301,2.313,0.3498
1256,628.0,2.399,2.474,2,2.298,2.314,0.3466
1258,629.0,2.395,2.472,2,2.296,2.314,0.3427
1260,630.0,2.392,2.470,2,2.292,2.314,0.3387
1262,631.0,2.390,2.468,2,2.289,2.313,0.3353
1264,632.0,2.387,2.466,2,2.286,2.312,0.3323
1266,633.0,2.385,2.464,2,2.284,2.311,0.3298
1268,634.0,2.382,2.462,2,2.282,2.309,0.3277
1270,635.0,2.380,2.460,2,2.280,2.307,0.3256
1272,636.0,2.378,2.458,2,2.280,2.305,0.3232
1274,637.0,2.376,2.456,2,2.280,2.303,0.3208
1276,638.0,2.373,2.454,2,2.281,2.301,0.3184
1278,639.0,2.371,2.452,2,2.283,2.298,0.3163
1280,640.0,2.368,2.450,2,2.285,2.296,0.3146
1282,641.0,2.365,2.448,2,2.288,2.293,0.3134
1284,642.0,2.363,2.446,2,2.290,2.291,0.3124
1286,643.0,2.360,2.444,2,2.286,2.294,0.3114
1288,644.0,2.357,2.442,2,2.282,2.297,0.3094
1290,645.0,2.355,2.440,2,2.277,2.299,0.3064
1292,646.0,2.353,2.438,2,2.272,2.302,0.3024
1294,647.0,2.351,2.436,2,2.265,2.304,0.2973
1296,648.0,2.348,2.434,2,2.259,2.306,0.2913
1298,649.0,2.346,2.432,2,2.252,2.308,0.2851
1300,650.0,2.344,2.430,2,2.244,2.310,0.2793
1302,651.0,2.342,2.428,2,2.237,2.313,0.2747
1304,652.0,2.341,2.426,2,2.230,2.316,0.2706
1306,653.0,2.339,2.424,2,2.223,2.320,0.2670
1308,654.0,2.336,2.422,2,2.217,2.324,0.2638
1310,655.0,2.334,2.420,2,2.211,2.329,0.2608
1312,656.0,2.332,2.418,2,2.206,2.334,0.2579
1314,657.0,2.330,2.416,2,2.200,2.340,0.2553
1316,658.0,2.328,2.414,2,2.196,2.346,0.2527
1318,659.0,2.325,2.412,2,2.192,2.352,0.2510
1320,660.0,2.323,2.410,2,2.188,2.359,0.2499
1322,661.0,2.321,2.408,2,2.184,2.365,0.2496
1324,662.0,2.319,2.406,2,2.181,2.371,0.2490
1326,663.0,2.317,2.404,2,2.177,2.377,0.2483
1328,664.0,2.315,2.402,2,2.174,2.382,0.2474
1330,665.0,2.313,2.400,2,2.172,2.386,0.2463
1332,666.0,2.311,2.398,2,2.169,2.390,0.2446
1334,667.0,2.309,2.396,2,2.166,2.394,0.2416
1336,668.0,2.307,2.394,2,2.164,2.397,0.2388
1338,669.0,2.304,2.392,2,2.163,2.400,0.2358
1340,670.0,2.301,2.390,2,2.163,2.404,0.2331
1342,671.0,2.298,2.388,2,2.163,2.407,0.2310
1344,672.0,2.294,2.386,2,2.164,2.411,0.2294
1346,673.0,2.290,2.384,2,2.167,2.415,0.2276
1348,674.0,2.286,2.382,2,2.170,2.419,0.2259
1350,675.0,2.282,2.380,2,2.174,2.423,0.2245
1352,676.0,2.279,2.378,2,2.179,2.427,0.2233
1354,677.0,2.275,2.376,2,2.185,2.432,0.2222
1356,678.0,2.271,2.374,2,2.191,2.436,0.2204
1358,679.0,2.268,2.372,2,2.198,2.441,0.2181
1360,680.0,2.264,2.370,2,2.206,2.445,0.2159
1362,681.0,2.261,2.368,2,2.214,2.449,0.2144
1364,682.0,2.258,2.366,2,2.222,2.452,0.2141
1366,683.0,2.255,2.364,2,2.230,2.456,0.2146
1368,684.0,2.253,2.362,2,2.238,2.459,0.2151
1370,685.0,2.250,2.360,2,2.247,2.462,0.2151
1372,686.0,2.247,2.358,2,2.255,2.466,0.2157
1374,687.0,2.244,2.356,2,2.264,2.469,0.2164
1376,688.0,2.240,2.354,2,2.273,2.473,0.2174
1378,689.0,2.236,2.352,2,2.283,2.477,0.2184
1380,690.0,2.232,2.350,2,2.293,2.481,0.2193
1382,691.0,2.227,2.348,2,2.303,2.486,0.2203
1384,692.0,2.222,2.346,2,2.314,2.491,0.2216
1386,693.0,2.217,2.344,2,2.325,2.497,0.2233
1388,694.0,2.212,2.342,2,2.337,2.503,0.2247
1390,695.0,2.207,2.340,2,2.348,2.509,0.2253
1392,696.0,2.203,2.338,2,2.359,2.515,0.2261
1394,697.0,2.199,2.336,2,2.370,2.521,0.2268
1396,698.0,2.196,2.334,2,2.381,2.527,0.2282
1398,699.0,2.194,2.332,2,2.392,2.534,0.2297
1400,700.0,2.191,2.330,2,2.403,2.541,0.2304
