charge_depth_mAh_cm2,1.5915e-07,1.7857e-07,2.0036e-07,2.2481e-07,2.5224e-07,2.8302e-07,3.1756e-07,3.5630e-07,3.9978e-07,4.4856e-07,5.0329e-07,5.6470e-07,6.3361e-07,7.1092e-07,7.9766e-07,8.9499e-07,1.0042e-06,1.1267e-06,1.2642e-06,1.4185e-06,1.5915e-06,1.7857e-06,2.0036e-06,2.2481e-06,2.5224e-06,2.8302e-06,3.1756e-06,3.5630e-06,3.9978e-06,4.4856e-06,5.0329e-06,5.6470e-06,6.3361e-06,7.1092e-06,7.9766e-06,8.9499e-06,1.0042e-05,1.1267e-05,1.2642e-05,1.4185e-05,1.5915e-05,1.7857e-05,2.0036e-05,2.2481e-05,2.5224e-05,2.8302e-05,3.1756e-05,3.5630e-05,3.9978e-05,4.4856e-05,5.0329e-05,5.6470e-05,6.3361e-05,7.1092e-05,7.9766e-05,8.9499e-05,1.0042e-04,1.1267e-04,1.2642e-04,1.4185e-04,1.5915e-04,1.7857e-04,2.0036e-04,2.2481e-04,2.5224e-04,2.8302e-04,3.1756e-04,3.5630e-04,3.9978e-04,4.4856e-04,5.0329e-04,5.6470e-04,6.3361e-04,7.1092e-04,7.9766e-04,8.9499e-04,1.0042e-03,1.1267e-03,1.2642e-03,1.4185e-03,1.5915e-03,1.7857e-03,2.0036e-03,2.2481e-03,2.5224e-03,2.8302e-03,3.1756e-03,3.5630e-03,3.9978e-03,4.4856e-03,5.0329e-03,5.6470e-03,6.3361e-03,7.1092e-03,7.9766e-03,8.9499e-03,1.0042e-02,1.1267e-02,1.2642e-02,1.4185e-02,1.5915e-02,1.7857e-02,2.0036e-02,2.2481e-02,2.5224e-02,2.8302e-02,3.1756e-02,3.5630e-02,3.9978e-02,4.4856e-02,5.0329e-02,5.6470e-02,6.3361e-02,7.1092e-02,7.9766e-02,8.9499e-02,1.0042e-01,1.1267e-01,1.2642e-01,1.4185e-01,1.5915e-01,1.7857e-01,2.0036e-01,2.2481e-01,2.5224e-01,2.8302e-01,3.1756e-01,3.5630e-01,3.9978e-01,4.4856e-01,5.0329e-01,5.6470e-01,6.3361e-01,7.1092e-01,7.9766e-01,8.9499e-01,1.0042e+00,1.1267e+00,1.2642e+00,1.4185e+00,1.5915e+00,1.7857e+00,2.0036e+00,2.2481e+00,2.5224e+00,2.8302e+00,3.1756e+00,3.5630e+00,3.9978e+00,4.4856e+00,5.0329e+00,5.6470e+00,6.3361e+00,7.1092e+00,7.9766e+00,8.9499e+00,1.0042e+01,1.1267e+01,1.2642e+01,1.4185e+01,1.5915e+01
0.03331,0.00000e+00,0.00000e+00,0.00000e+00,0.00000e+00,0.00000e+00,0.00000e+00,0.00000e+00,0.00000e+00,0.00000e+00,0.00000e+00,0.00000e+00,0.00000e+00,0.00000e+00,0.00000e+00,0.00000e+00,0.00000e+00,0.00000e+00,0.00000e+00,0.00000e+00,0.00000e+00,0.00000e+00,0.00000e+00,0.00000e+00,0.00000e+00,0.00000e+00,0.00000e+00,0.00000e+00,0.00000e+00,0.00000e+00,0.00000e+00,0.00000e+00,0.00000e+00,0.00000e+00,0.00000e+00,0.00000e+00,0.00000e+00,0.00000e+00,1.06389e-02,4.64522e-02,1.14409e-01,2.15960e-01,3.48799e-01,5.08331e-01,6.88863e-01,8.84532e-01,1.08999e+00,1.30088e+00,1.51409e+00,1.72791e+00,1.94200e+00,2.15730e+00,2.37583e+00,2.60050e+00,2.83487e+00,3.08285e+00,3.34855e+00,3.63602e+00,3.94911e+00,4.29130e+00,4.66566e+00,5.07472e+00,5.52049e+00,6.00447e+00,6.52762e+00,7.09044e+00,7.69303e+00,8.33509e+00,9.01600e+00,9.73487e+00,1.04905e+01,1.12816e+01,1.21065e+01,1.29635e+01,1.38505e+01,1.47652e+01,1.57051e+01,1.66676e+01,1.76495e+01,1.86477e+01,1.96584e+01,2.06781e+01,2.17028e+01,2.27285e+01,2.37513e+01,2.47674e+01,2.57735e+01,2.67667e+01,2.77450e+01,2.87074e+01,2.96544e+01,3.05879e+01,3.15119e+01,3.24323e+01,3.33578e+01,3.42992e+01,3.52707e+01,3.62888e+01,3.73733e+01,3.85468e+01,3.98349e+01,4.12655e+01,4.28693e+01,4.46789e+01,4.67287e+01,4.90545e+01,5.16929e+01,5.46808e+01,5.80548e+01,6.18510e+01,6.61039e+01,7.08464e+01,7.61089e+01,8.19190e+01,8.83010e+01,9.52756e+01,1.02860e+02,1.11066e+02,1.19902e+02,1.29373e+02,1.39478e+02,1.50212e+02,1.61566e+02,1.73527e+02,1.86080e+02,1.99204e+02,2.12878e+02,2.27075e+02,2.41769e+02,2.56931e+02,2.72532e+02,2.88541e+02,3.04927e+02,3.21660e+02,3.38709e+02,3.56046e+02,3.73643e+02,3.91472e+02,4.09509e+02,4.27730e+02,4.46113e+02,4.64637e+02,4.83286e+02,5.02041e+02,5.20889e+02,5.39815e+02,5.58807e+02,5.77856e+02,5.96952e+02,6.16086e+02,6.35253e+02,6.54444e+02,6.73657e+02,6.92885e+02,7.12125e+02,7.31374e+02,7.50630e+02,7.69891e+02,7.89154e+02,8.08419e+02,8.27684e+02,8.46950e+02
0.06661,0.00000e+00,0.00000e+00,0.00000e+00,0.00000e+00,0.00000e+00,0.00000e+00,0.00000e+00,0.00000e+00,0.00000e+00,0.00000e+00,0.00000e+00,0.00000e+00,0.00000e+00,0.00000e+00,0.00000e+00,0.00000e+00,0.00000e+00,0.00000e+00,0.00000e+00,0.00000e+00,0.00000e+00,0.00000e+00,0.00000e+00,0.00000e+00,0.00000e+00,0.00000e+00,0.00000e+00,0.00000e+00,0.00000e+00,0.00000e+00,0.00000e+00,0.00000e+00,0.00000e+00,0.00000e+00,0.00000e+00,0.00000e+00,0.00000e+00,1.37408e-02,5.40287e-02,1.26586e-01,2.32024e-01,3.67538e-01,5.28302e-01,7.08601e-01,9.02702e-01,1.10548e+00,1.31287e+00,1.52207e+00,1.73168e+00,1.94164e+00,2.15313e+00,2.36838e+00,2.59048e+00,2.82308e+00,3.07021e+00,3.33601e+00,3.62457e+00,3.93974e+00,4.28499e+00,4.66337e+00,5.07740e+00,5.52906e+00,6.01981e+00,6.55063e+00,7.12199e+00,7.73399e+00,8.38634e+00,9.07845e+00,9.80943e+00,1.05782e+01,1.13834e+01,1.22234e+01,1.30965e+01,1.40008e+01,1.49339e+01,1.58934e+01,1.68764e+01,1.78800e+01,1.89007e+01,1.99351e+01,2.09791e+01,2.20290e+01,2.30806e+01,2.41301e+01,2.51737e+01,2.62081e+01,2.72306e+01,2.82393e+01,2.92334e+01,3.02134e+01,3.11814e+01,3.21412e+01,3.30987e+01,3.40619e+01,3.50414e+01,3.60500e+01,3.71035e+01,3.82200e+01,3.94204e+01,4.07281e+01,4.21689e+01,4.37709e+01,4.55638e+01,4.75794e+01,4.98504e+01,5.24105e+01,5.52938e+01,5.85341e+01,6.21650e+01,6.62187e+01,7.07261e+01,7.57158e+01,8.12142e+01,8.72447e+01,9.38275e+01,1.00979e+02,1.08713e+02,1.17038e+02,1.25959e+02,1.35476e+02,1.45588e+02,1.56287e+02,1.67562e+02,1.79399e+02,1.91781e+02,2.04689e+02,2.18099e+02,2.31987e+02,2.46326e+02,2.61090e+02,2.76249e+02,2.91776e+02,3.07641e+02,3.23816e+02,3.40273e+02,3.56986e+02,3.73929e+02,3.91077e+02,4.08408e+02,4.25900e+02,4.43535e+02,4.61293e+02,4.79158e+02,4.97116e+02,5.15153e+02,5.33257e+02,5.51419e+02,5.69628e+02,5.87876e+02,6.06156e+02,6.24463e+02,6.42790e+02,6.61134e+02,6.79490e+02,6.97855e+02,7.16227e+02,7.34603e+02,7.52983e+02,7.71364e+02,7.89746e+02,8.08128e+02
0.09992,0.00000e+00,0.00000e+00,0.00000e+00,0.00000e+00,0.00000e+00,0.00000e+00,0.00000e+00,0.00000e+00,0.00000e+00,0.00000e+00,0.00000e+00,0.00000e+00,0.00000e+00,0.00000e+00,0.00000e+00,0.00000e+00,0.00000e+00,0.00000e+00,0.00000e+00,0.00000e+00,0.00000e+00,0.00000e+00,0.00000e+00,0.00000e+00,0.00000e+00,0.00000e+00,0.00000e+00,0.00000e+00,0.00000e+00,0.00000e+00,0.00000e+00,0.00000e+00,0.00000e+00,0.00000e+00,0.00000e+00,0.00000e+00,0.00000e+00,1.54780e-02,5.85456e-02,1.34387e-01,2.43199e-01,3.81849e-01,5.45255e-01,7.27496e-01,9.22672e-01,1.12553e+00,1.33190e+00,1.53893e+00,1.74520e+00,1.95067e+00,2.15664e+00,2.36550e+00,2.58054e+00,2.80572e+00,3.04543e+00,3.30423e+00,3.58666e+00,3.89705e+00,4.23937e+00,4.61712e+00,5.03323e+00,5.49003e+00,5.98925e+00,6.53198e+00,7.11871e+00,7.74941e+00,8.42352e+00,9.14003e+00,9.89756e+00,1.06944e+01,1.15284e+01,1.23974e+01,1.32989e+01,1.42301e+01,1.51883e+01,1.61704e+01,1.71733e+01,1.81937e+01,1.92284e+01,2.02739e+01,2.13267e+01,2.23834e+01,2.34406e+01,2.44952e+01,2.55442e+01,2.65852e+01,2.76163e+01,2.86363e+01,2.96452e+01,3.06438e+01,3.16345e+01,3.26214e+01,3.36102e+01,3.46085e+01,3.56262e+01,3.66754e+01,3.77707e+01,3.89288e+01,4.01690e+01,4.15131e+01,4.29848e+01,4.46101e+01,4.64169e+01,4.84345e+01,5.06935e+01,5.32257e+01,5.60630e+01,5.92375e+01,6.27811e+01,6.67245e+01,7.10974e+01,7.59277e+01,8.12410e+01,8.70605e+01,9.34064e+01,1.00296e+02,1.07742e+02,1.15754e+02,1.24340e+02,1.33501e+02,1.43236e+02,1.53538e+02,1.64401e+02,1.75810e+02,1.87751e+02,2.00207e+02,2.13155e+02,2.26573e+02,2.40436e+02,2.54720e+02,2.69396e+02,2.84438e+02,2.99817e+02,3.15507e+02,3.31480e+02,3.47710e+02,3.64173e+02,3.80844e+02,3.97700e+02,4.14721e+02,4.31886e+02,4.49178e+02,4.66580e+02,4.84077e+02,5.01656e+02,5.19305e+02,5.37012e+02,5.54768e+02,5.72566e+02,5.90396e+02,6.08254e+02,6.26134e+02,6.44030e+02,6.61940e+02,6.79859e+02,6.97785e+02,7.15716e+02,7.33650e+02,7.51586e+02,7.69523e+02,7.87459e+02
0.13322,0.00000e+00,0.00000e+00,0.00000e+00,0.00000e+00,0.00000e+00,0.00000e+00,0.00000e+00,0.00000e+00,0.00000e+00,0.00000e+00,0.00000e+00,0.00000e+00,0.00000e+00,0.00000e+00,0.00000e+00,0.00000e+00,0.00000e+00,0.00000e+00,0.00000e+00,0.00000e+00,0.00000e+00,0.00000e+00,0.00000e+00,0.00000e+00,0.00000e+00,0.00000e+00,0.00000e+00,0.00000e+00,0.00000e+00,0.00000e+00,0.00000e+00,0.00000e+00,0.00000e+00,0.00000e+00,0.00000e+00,0.00000e+00,0.00000e+00,1.77274e-02,6.42535e-02,1.43970e-01,2.56486e-01,3.98247e-01,5.63881e-01,7.47284e-01,9.42458e-01,1.14412e+00,1.34813e+00,1.55170e+00,1.75352e+00,1.95372e+00,2.15377e+00,2.35629e+00,2.56480e+00,2.78355e+00,3.01720e+00,3.27062e+00,3.54865e+00,3.85591e+00,4.19665e+00,4.57460e+00,4.99290e+00,5.45402e+00,5.95974e+00,6.51115e+00,7.10865e+00,7.75203e+00,8.44048e+00,9.17264e+00,9.94674e+00,1.07606e+01,1.16117e+01,1.24972e+01,1.34143e+01,1.43597e+01,1.53304e+01,1.63230e+01,1.73341e+01,1.83606e+01,1.93992e+01,2.04467e+01,2.14999e+01,2.25559e+01,2.36119e+01,2.46652e+01,2.57136e+01,2.67553e+01,2.77888e+01,2.88136e+01,2.98298e+01,3.08387e+01,3.18426e+01,3.28454e+01,3.38526e+01,3.48714e+01,3.59110e+01,3.69829e+01,3.81005e+01,3.92797e+01,4.05385e+01,4.18973e+01,4.33784e+01,4.50064e+01,4.68074e+01,4.88091e+01,5.10407e+01,5.35318e+01,5.63129e+01,5.94145e+01,6.28667e+01,6.66991e+01,7.09399e+01,7.56158e+01,8.07515e+01,8.63695e+01,9.24895e+01,9.91282e+01,1.06299e+02,1.14013e+02,1.22275e+02,1.31089e+02,1.40456e+02,1.50369e+02,1.60822e+02,1.71805e+02,1.83303e+02,1.95299e+02,2.07776e+02,2.20711e+02,2.34081e+02,2.47863e+02,2.62031e+02,2.76559e+02,2.91420e+02,3.06589e+02,3.22038e+02,3.37744e+02,3.53682e+02,3.69827e+02,3.86158e+02,4.02655e+02,4.19297e+02,4.36066e+02,4.52947e+02,4.69925e+02,4.86985e+02,5.04116e+02,5.21307e+02,5.38547e+02,5.55830e+02,5.73147e+02,5.90491e+02,6.07858e+02,6.25242e+02,6.42639e+02,6.60046e+02,6.77461e+02,6.94880e+02,7.12303e+02,7.29727e+02,7.47152e+02,7.64578e+02
0.16653,0.00000e+00,0.00000e+00,0.00000e+00,0.00000e+00,0.00000e+00,0.00000e+00,0.00000e+00,0.00000e+00,0.00000e+00,0.00000e+00,0.00000e+00,0.00000e+00,0.00000e+00,0.00000e+00,0.00000e+00,0.00000e+00,0.00000e+00,0.00000e+00,0.00000e+00,0.00000e+00,0.00000e+00,0.00000e+00,0.00000e+00,0.00000e+00,0.00000e+00,0.00000e+00,0.00000e+00,0.00000e+00,0.00000e+00,0.00000e+00,0.00000e+00,0.00000e+00,0.00000e+00,0.00000e+00,0.00000e+00,0.00000e+00,0.00000e+00,0.00000e+00,9.19358e-04,2.46775e-02,8.33665e-02,1.81629e-01,3.18756e-01,4.90490e-01,6.90538e-01,9.11799e-01,1.14732e+00,1.39099e+00,1.63802e+00,1.88522e+00,2.13109e+00,2.37580e+00,2.62102e+00,2.86971e+00,3.12587e+00,3.39422e+00,3.67992e+00,3.98828e+00,4.32448e+00,4.69339e+00,5.09935e+00,5.54602e+00,6.03631e+00,6.57228e+00,7.15518e+00,7.78538e+00,8.46253e+00,9.18554e+00,9.95272e+00,1.07619e+01,1.16104e+01,1.24955e+01,1.34140e+01,1.43629e+01,1.53389e+01,1.63390e+01,1.73600e+01,1.83989e+01,1.94530e+01,2.05194e+01,2.15955e+01,2.26786e+01,2.37662e+01,2.48559e+01,2.59454e+01,2.70329e+01,2.81163e+01,2.91946e+01,3.02669e+01,3.13332e+01,3.23943e+01,3.34524e+01,3.45108e+01,3.55745e+01,3.66501e+01,3.77466e+01,3.88747e+01,4.00477e+01,4.12813e+01,4.25936e+01,4.40053e+01,4.55394e+01,4.72214e+01,4.90787e+01,5.11409e+01,5.34389e+01,5.60051e+01,5.88724e+01,6.20744e+01,6.56445e+01,6.96155e+01,7.40190e+01,7.88853e+01,8.42425e+01,9.01162e+01,9.65292e+01,1.03501e+02,1.11047e+02,1.19181e+02,1.27909e+02,1.37237e+02,1.47165e+02,1.57688e+02,1.68799e+02,1.80486e+02,1.92736e+02,2.05528e+02,2.18844e+02,2.32659e+02,2.46948e+02,2.61684e+02,2.76840e+02,2.92387e+02,3.08295e+02,3.24536e+02,3.41080e+02,3.57901e+02,3.74971e+02,3.92264e+02,4.09756e+02,4.27424e+02,4.45247e+02,4.63205e+02,4.81281e+02,4.99459e+02,5.17722e+02,5.36059e+02,5.54458e+02,5.72908e+02,5.91401e+02,6.09927e+02,6.28481e+02,6.47057e+02,6.65649e+02,6.84253e+02,7.02866e+02,7.21486e+02,7.40109e+02,7.58734e+02,7.77361e+02,7.95988e+02
0.19983,0.00000e+00,0.00000e+00,0.00000e+00,0.00000e+00,0.00000e+00,0.00000e+00,0.00000e+00,0.00000e+00,0.00000e+00,0.00000e+00,0.00000e+00,0.00000e+00,0.00000e+00,0.00000e+00,0.00000e+00,0.00000e+00,0.00000e+00,0.00000e+00,0.00000e+00,0.00000e+00,0.00000e+00,0.00000e+00,0.00000e+00,0.00000e+00,0.00000e+00,0.00000e+00,0.00000e+00,0.00000e+00,0.00000e+00,0.00000e+00,0.00000e+00,0.00000e+00,0.00000e+00,0.00000e+00,0.00000e+00,0.00000e+00,2.40353e-03,2.51171e-02,7.77411e-02,1.63635e-01,2.81719e-01,4.28012e-01,5.96906e-01,7.82192e-01,9.77848e-01,1.17862e+00,1.38043e+00,1.58055e+00,1.77776e+00,1.97227e+00,2.16566e+00,2.36067e+00,2.56101e+00,2.77115e+00,2.99601e+00,3.24081e+00,3.51078e+00,3.81099e+00,4.14619e+00,4.52062e+00,4.93792e+00,5.40107e+00,5.91228e+00,6.47300e+00,7.08390e+00,7.74489e+00,8.45514e+00,9.21314e+00,1.00168e+01,1.08633e+01,1.17497e+01,1.26723e+01,1.36274e+01,1.46109e+01,1.56186e+01,1.66463e+01,1.76899e+01,1.87453e+01,1.98087e+01,2.08765e+01,2.19455e+01,2.30126e+01,2.40755e+01,2.51320e+01,2.61809e+01,2.72212e+01,2.82526e+01,2.92760e+01,3.02925e+01,3.13046e+01,3.23159e+01,3.33308e+01,3.43554e+01,3.53972e+01,3.64651e+01,3.75699e+01,3.87239e+01,3.99416e+01,4.12391e+01,4.26344e+01,4.41474e+01,4.57996e+01,4.76143e+01,4.96160e+01,5.18303e+01,5.42840e+01,5.70043e+01,6.00187e+01,6.33547e+01,6.70394e+01,7.10991e+01,7.55586e+01,8.04417e+01,8.57698e+01,9.15624e+01,9.78364e+01,1.04606e+02,1.11882e+02,1.19673e+02,1.27984e+02,1.36815e+02,1.46167e+02,1.56032e+02,1.66405e+02,1.77272e+02,1.88622e+02,2.00437e+02,2.12700e+02,2.25390e+02,2.38484e+02,2.51961e+02,2.65796e+02,2.79965e+02,2.94442e+02,3.09204e+02,3.24225e+02,3.39483e+02,3.54953e+02,3.70616e+02,3.86449e+02,4.02433e+02,4.18550e+02,4.34784e+02,4.51120e+02,4.67542e+02,4.84040e+02,5.00600e+02,5.17214e+02,5.33873e+02,5.50568e+02,5.67293e+02,5.84042e+02,6.00809e+02,6.17591e+02,6.34383e+02,6.51183e+02,6.67989e+02,6.84798e+02,7.01608e+02,7.18420e+02,7.35232e+02
0.23314,0.00000e+00,0.00000e+00,0.00000e+00,0.00000e+00,0.00000e+00,0.00000e+00,0.00000e+00,0.00000e+00,0.00000e+00,0.00000e+00,0.00000e+00,0.00000e+00,0.00000e+00,0.00000e+00,0.00000e+00,0.00000e+00,0.00000e+00,0.00000e+00,0.00000e+00,0.00000e+00,0.00000e+00,0.00000e+00,0.00000e+00,0.00000e+00,0.00000e+00,0.00000e+00,0.00000e+00,0.00000e+00,0.00000e+00,0.00000e+00,0.00000e+00,0.00000e+00,0.00000e+00,0.00000e+00,0.00000e+00,0.00000e+00,4.69916e-03,3.10483e-02,8.78523e-02,1.77822e-01,2.99367e-01,4.48123e-01,6.18218e-01,8.03291e-01,9.97275e-01,1.19497e+00,1.39242e+00,1.58713e+00,1.77814e+00,1.96600e+00,2.15265e+00,2.34120e+00,2.53574e+00,2.74107e+00,2.96245e+00,3.20533e+00,3.47514e+00,3.77705e+00,4.11580e+00,4.49556e+00,4.91980e+00,5.39121e+00,5.91167e+00,6.48222e+00,7.10305e+00,7.77359e+00,8.49251e+00,9.25784e+00,1.00670e+01,1.09170e+01,1.18043e+01,1.27253e+01,1.36762e+01,1.46529e+01,1.56515e+01,1.66681e+01,1.76990e+01,1.87406e+01,1.97898e+01,2.08434e+01,2.18988e+01,2.29537e+01,2.40059e+01,2.50541e+01,2.60969e+01,2.71337e+01,2.81645e+01,2.91897e+01,3.02106e+01,3.12294e+01,3.22492e+01,3.32742e+01,3.43098e+01,3.53630e+01,3.64422e+01,3.75573e+01,3.87200e+01,3.99439e+01,4.12442e+01,4.26381e+01,4.41443e+01,4.57834e+01,4.75773e+01,4.95495e+01,5.17246e+01,5.41278e+01,5.67853e+01,5.97234e+01,6.29683e+01,6.65461e+01,7.04818e+01,7.47997e+01,7.95224e+01,8.46708e+01,9.02638e+01,9.63181e+01,1.02847e+02,1.09863e+02,1.17374e+02,1.25384e+02,1.33896e+02,1.42909e+02,1.52419e+02,1.62419e+02,1.72899e+02,1.83846e+02,1.95245e+02,2.07080e+02,2.19331e+02,2.31978e+02,2.44998e+02,2.58369e+02,2.72068e+02,2.86070e+02,3.00352e+02,3.14891e+02,3.29663e+02,3.44646e+02,3.59819e+02,3.75161e+02,3.90654e+02,4.06280e+02,4.22022e+02,4.37865e+02,4.53795e+02,4.69800e+02,4.85869e+02,5.01991e+02,5.18158e+02,5.34362e+02,5.50595e+02,5.66853e+02,5.83129e+02,5.99420e+02,6.15721e+02,6.32030e+02,6.48345e+02,6.64663e+02,6.80983e+02,6.97304e+02,7.13625e+02
0.26644,0.00000e+00,0.00000e+00,0.00000e+00,0.00000e+00,0.00000e+00,0.00000e+00,0.00000e+00,0.00000e+00,0.00000e+00,0.00000e+00,0.00000e+00,0.00000e+00,0.00000e+00,0.00000e+00,0.00000e+00,0.00000e+00,0.00000e+00,0.00000e+00,0.00000e+00,0.00000e+00,0.00000e+00,0.00000e+00,0.00000e+00,0.00000e+00,0.00000e+00,0.00000e+00,0.00000e+00,0.00000e+00,0.00000e+00,0.00000e+00,0.00000e+00,0.00000e+00,0.00000e+00,0.00000e+00,0.00000e+00,0.00000e+00,6.97979e-03,3.67192e-02,9.71840e-02,1.90517e-01,3.14772e-01,4.65395e-01,6.36441e-01,8.21561e-01,1.01475e+00,1.21091e+00,1.40618e+00,1.59819e+00,1.78608e+00,1.97050e+00,2.15349e+00,2.33825e+00,2.52900e+00,2.73062e+00,2.94852e+00,3.18827e+00,3.45546e+00,3.75542e+00,4.09306e+00,4.47274e+00,4.89808e+00,5.37195e+00,5.89636e+00,6.47244e+00,7.10048e+00,7.77991e+00,8.50940e+00,9.28690e+00,1.01097e+01,1.09747e+01,1.18781e+01,1.28161e+01,1.37845e+01,1.47791e+01,1.57956e+01,1.68299e+01,1.78779e+01,1.89359e+01,2.00004e+01,2.10682e+01,2.21366e+01,2.32031e+01,2.42658e+01,2.53231e+01,2.63741e+01,2.74183e+01,2.84558e+01,2.94873e+01,3.05143e+01,3.15393e+01,3.25656e+01,3.35974e+01,3.46404e+01,3.57014e+01,3.67887e+01,3.79121e+01,3.90829e+01,4.03142e+01,4.16207e+01,4.30188e+01,4.45264e+01,4.61632e+01,4.79503e+01,4.99098e+01,5.20653e+01,5.44410e+01,5.70618e+01,5.99531e+01,6.31401e+01,6.66479e+01,7.05008e+01,7.47225e+01,7.93352e+01,8.43595e+01,8.98143e+01,9.57162e+01,1.02080e+02,1.08916e+02,1.16235e+02,1.24042e+02,1.32341e+02,1.41130e+02,1.50409e+02,1.60170e+02,1.70406e+02,1.81105e+02,1.92254e+02,2.03836e+02,2.15834e+02,2.28229e+02,2.40999e+02,2.54124e+02,2.67579e+02,2.81342e+02,2.95389e+02,3.09698e+02,3.24246e+02,3.39011e+02,3.53970e+02,3.69105e+02,3.84395e+02,3.99822e+02,4.15371e+02,4.31024e+02,4.46769e+02,4.62591e+02,4.78480e+02,4.94425e+02,5.10417e+02,5.26448e+02,5.42510e+02,5.58597e+02,5.74704e+02,5.90826e+02,6.06960e+02,6.23102e+02,6.39249e+02,6.55400e+02,6.71554e+02,6.87708e+02,7.03862e+02
0.29975,0.00000e+00,0.00000e+00,0.00000e+00,0.00000e+00,0.00000e+00,0.00000e+00,0.00000e+00,0.00000e+00,0.00000e+00,0.00000e+00,0.00000e+00,0.00000e+00,0.00000e+00,0.00000e+00,0.00000e+00,0.00000e+00,0.00000e+00,0.00000e+00,0.00000e+00,0.00000e+00,0.00000e+00,0.00000e+00,0.00000e+00,0.00000e+00,0.00000e+00,0.00000e+00,0.00000e+00,0.00000e+00,0.00000e+00,0.00000e+00,0.00000e+00,0.00000e+00,0.00000e+00,0.00000e+00,0.00000e+00,0.00000e+00,8.47674e-03,4.04868e-02,1.03475e-01,1.99226e-01,3.25563e-01,4.77793e-01,6.49909e-01,8.35543e-01,1.02871e+00,1.22434e+00,1.41864e+00,1.60927e+00,1.79544e+00,1.97785e+00,2.15860e+00,2.34095e+00,2.52919e+00,2.72828e+00,2.94370e+00,3.18114e+00,3.44628e+00,3.74460e+00,4.08115e+00,4.46041e+00,4.88618e+00,5.36147e+00,5.88843e+00,6.46834e+00,7.10159e+00,7.78770e+00,8.52538e+00,9.31257e+00,1.01466e+01,1.10240e+01,1.19413e+01,1.28941e+01,1.38781e+01,1.48888e+01,1.59217e+01,1.69723e+01,1.80362e+01,1.91093e+01,2.01879e+01,2.12686e+01,2.23483e+01,2.34244e+01,2.44951e+01,2.55587e+01,2.66143e+01,2.76616e+01,2.87011e+01,2.97338e+01,3.07616e+01,3.17873e+01,3.28147e+01,3.38483e+01,3.48942e+01,3.59593e+01,3.70520e+01,3.81819e+01,3.93601e+01,4.05992e+01,4.19132e+01,4.33176e+01,4.48295e+01,4.64671e+01,4.82502e+01,5.01996e+01,5.23374e+01,5.46863e+01,5.72697e+01,6.01115e+01,6.32357e+01,6.66661e+01,7.04262e+01,7.45386e+01,7.90249e+01,8.39053e+01,8.91985e+01,9.49213e+01,1.01088e+02,1.07711e+02,1.14800e+02,1.22362e+02,1.30401e+02,1.38918e+02,1.47913e+02,1.57379e+02,1.67311e+02,1.77699e+02,1.88529e+02,1.99789e+02,2.11462e+02,2.23528e+02,2.35969e+02,2.48764e+02,2.61891e+02,2.75327e+02,2.89050e+02,3.03037e+02,3.17266e+02,3.31714e+02,3.46361e+02,3.61186e+02,3.76171e+02,3.91295e+02,4.06544e+02,4.21901e+02,4.37351e+02,4.52881e+02,4.68481e+02,4.84138e+02,4.99843e+02,5.15589e+02,5.31367e+02,5.47171e+02,5.62995e+02,5.78836e+02,5.94688e+02,6.10549e+02,6.26416e+02,6.42287e+02,6.58159e+02,6.74033e+02,6.89907e+02
0.33306,0.00000e+00,0.00000e+00,0.00000e+00,0.00000e+00,0.00000e+00,0.00000e+00,0.00000e+00,0.00000e+00,0.00000e+00,0.00000e+00,0.00000e+00,0.00000e+00,0.00000e+00,0.00000e+00,0.00000e+00,0.00000e+00,0.00000e+00,0.00000e+00,0.00000e+00,0.00000e+00,0.00000e+00,0.00000e+00,0.00000e+00,0.00000e+00,0.00000e+00,0.00000e+00,0.00000e+00,0.00000e+00,0.00000e+00,0.00000e+00,0.00000e+00,0.00000e+00,0.00000e+00,0.00000e+00,0.00000e+00,0.00000e+00,1.00812e-02,4.44861e-02,1.10120e-01,2.08435e-01,3.37066e-01,4.91227e-01,6.64869e-01,8.51605e-01,1.04543e+00,1.24123e+00,1.43517e+00,1.62485e+00,1.80941e+00,1.98950e+00,2.16717e+00,2.34571e+00,2.52944e+00,2.72347e+00,2.93345e+00,3.16532e+00,3.42510e+00,3.71860e+00,4.05128e+00,4.42803e+00,4.85304e+00,5.32968e+00,5.86038e+00,6.44662e+00,7.08886e+00,7.78660e+00,8.53833e+00,9.34170e+00,1.01935e+01,1.10899e+01,1.20263e+01,1.29979e+01,1.39995e+01,1.50256e+01,1.60710e+01,1.71305e+01,1.81990e+01,1.92722e+01,2.03458e+01,2.14165e+01,2.24813e+01,2.35381e+01,2.45854e+01,2.56224e+01,2.66490e+01,2.76660e+01,2.86748e+01,2.96774e+01,3.06768e+01,3.16765e+01,3.26811e+01,3.36958e+01,3.47268e+01,3.57812e+01,3.68672e+01,3.79941e+01,3.91725e+01,4.04139e+01,4.17314e+01,4.31392e+01,4.46530e+01,4.62895e+01,4.80670e+01,5.00046e+01,5.21226e+01,5.44422e+01,5.69852e+01,5.97739e+01,6.28309e+01,6.61788e+01,6.98398e+01,7.38358e+01,7.81874e+01,8.29145e+01,8.80352e+01,9.35663e+01,9.95222e+01,1.05916e+02,1.12756e+02,1.20053e+02,1.27809e+02,1.36027e+02,1.44708e+02,1.53848e+02,1.63440e+02,1.73477e+02,1.83949e+02,1.94840e+02,2.06138e+02,2.17824e+02,2.29881e+02,2.42287e+02,2.55024e+02,2.68069e+02,2.81400e+02,2.94996e+02,3.08834e+02,3.22894e+02,3.37153e+02,3.51593e+02,3.66194e+02,3.80937e+02,3.95806e+02,4.10785e+02,4.25860e+02,4.41017e+02,4.56244e+02,4.71530e+02,4.86866e+02,5.02243e+02,5.17654e+02,5.33091e+02,5.48549e+02,5.64024e+02,5.79511e+02,5.95007e+02,6.10509e+02,6.26014e+02,6.41522e+02,6.57031e+02,6.72541e+02
0.36636,0.00000e+00,0.00000e+00,0.00000e+00,0.00000e+00,0.00000e+00,0.00000e+00,0.00000e+00,0.00000e+00,0.00000e+00,0.00000e+00,0.00000e+00,0.00000e+00,0.00000e+00,0.00000e+00,0.00000e+00,0.00000e+00,0.00000e+00,0.00000e+00,0.00000e+00,0.00000e+00,0.00000e+00,0.00000e+00,0.00000e+00,0.00000e+00,0.00000e+00,0.00000e+00,0.00000e+00,0.00000e+00,0.00000e+00,0.00000e+00,0.00000e+00,0.00000e+00,0.00000e+00,0.00000e+00,0.00000e+00,0.00000e+00,1.31359e-02,5.21200e-02,1.22680e-01,2.25401e-01,3.57331e-01,5.13337e-01,6.87226e-01,8.72639e-01,1.06373e+00,1.25568e+00,1.44496e+00,1.62956e+00,1.80903e+00,1.98439e+00,2.15804e+00,2.33358e+00,2.51555e+00,2.70920e+00,2.92026e+00,3.15466e+00,3.41828e+00,3.71679e+00,4.05539e+00,4.43868e+00,4.87052e+00,5.35392e+00,5.89099e+00,6.48287e+00,7.12978e+00,7.83097e+00,8.58484e+00,9.38896e+00,1.02402e+01,1.11348e+01,1.20685e+01,1.30368e+01,1.40348e+01,1.50576e+01,1.61003e+01,1.71581e+01,1.82265e+01,1.93013e+01,2.03786e+01,2.14551e+01,2.25279e+01,2.35947e+01,2.46539e+01,2.57042e+01,2.67453e+01,2.77772e+01,2.88010e+01,2.98183e+01,3.08314e+01,3.18436e+01,3.28589e+01,3.38823e+01,3.49198e+01,3.59783e+01,3.70659e+01,3.81917e+01,3.93662e+01,4.06010e+01,4.19089e+01,4.33041e+01,4.48018e+01,4.64186e+01,4.81723e+01,5.00816e+01,5.21662e+01,5.44466e+01,5.69438e+01,5.96793e+01,6.26750e+01,6.59524e+01,6.95330e+01,7.34375e+01,7.76861e+01,8.22978e+01,8.72901e+01,9.26791e+01,9.84791e+01,1.04702e+02,1.11359e+02,1.18457e+02,1.26001e+02,1.33994e+02,1.42436e+02,1.51325e+02,1.60655e+02,1.70420e+02,1.80610e+02,1.91212e+02,2.02213e+02,2.13596e+02,2.25344e+02,2.37439e+02,2.49861e+02,2.62589e+02,2.75602e+02,2.88879e+02,3.02398e+02,3.16139e+02,3.30081e+02,3.44204e+02,3.58489e+02,3.72919e+02,3.87475e+02,4.02143e+02,4.16908e+02,4.31756e+02,4.46676e+02,4.61656e+02,4.76686e+02,4.91759e+02,5.06865e+02,5.21999e+02,5.37155e+02,5.52327e+02,5.67512e+02,5.82705e+02,5.97905e+02,6.13109e+02,6.28316e+02,6.43523e+02,6.58731e+02
0.39967,0.00000e+00,0.00000e+00,0.00000e+00,0.00000e+00,0.00000e+00,0.00000e+00,0.00000e+00,0.00000e+00,0.00000e+00,0.00000e+00,0.00000e+00,0.00000e+00,0.00000e+00,0.00000e+00,0.00000e+00,0.00000e+00,0.00000e+00,0.00000e+00,0.00000e+00,0.00000e+00,0.00000e+00,0.00000e+00,0.00000e+00,0.00000e+00,0.00000e+00,0.00000e+00,0.00000e+00,0.00000e+00,0.00000e+00,0.00000e+00,0.00000e+00,0.00000e+00,0.00000e+00,0.00000e+00,0.00000e+00,0.00000e+00,1.32981e-02,5.26772e-02,1.23906e-01,2.27574e-01,3.60691e-01,5.18047e-01,6.93337e-01,8.80066e-01,1.07224e+00,1.26487e+00,1.45430e+00,1.63842e+00,1.81668e+00,1.99011e+00,2.16114e+00,2.33345e+00,2.51178e+00,2.70158e+00,2.90888e+00,3.13989e+00,3.40086e+00,3.69776e+00,4.03613e+00,4.42083e+00,4.85593e+00,5.34459e+00,5.88895e+00,6.49008e+00,7.14802e+00,7.86173e+00,8.62919e+00,9.44746e+00,1.03128e+01,1.12208e+01,1.21666e+01,1.31448e+01,1.41500e+01,1.51767e+01,1.62193e+01,1.72728e+01,1.83323e+01,1.93937e+01,2.04532e+01,2.15078e+01,2.25552e+01,2.35939e+01,2.46229e+01,2.56422e+01,2.66523e+01,2.76546e+01,2.86511e+01,2.96443e+01,3.06375e+01,3.16345e+01,3.26401e+01,3.36592e+01,3.46980e+01,3.57632e+01,3.68624e+01,3.80042e+01,3.91980e+01,4.04543e+01,4.17849e+01,4.32025e+01,4.47209e+01,4.63553e+01,4.81216e+01,5.00369e+01,5.21194e+01,5.43878e+01,5.68617e+01,5.95610e+01,6.25063e+01,6.57177e+01,6.92158e+01,7.30203e+01,7.71506e+01,8.16252e+01,8.64614e+01,9.16751e+01,9.72807e+01,1.03291e+02,1.09716e+02,1.16564e+02,1.23842e+02,1.31553e+02,1.39699e+02,1.48278e+02,1.57287e+02,1.66720e+02,1.76567e+02,1.86819e+02,1.97463e+02,2.08484e+02,2.19867e+02,2.31593e+02,2.43644e+02,2.56000e+02,2.68642e+02,2.81548e+02,2.94697e+02,3.08070e+02,3.21646e+02,3.35405e+02,3.49329e+02,3.63400e+02,3.77600e+02,3.91913e+02,4.06326e+02,4.20824e+02,4.35396e+02,4.50029e+02,4.64714e+02,4.79443e+02,4.94206e+02,5.08998e+02,5.23812e+02,5.38643e+02,5.53488e+02,5.68341e+02,5.83201e+02,5.98065e+02,6.12932e+02,6.27800e+02,6.42668e+02
0.43297,0.00000e+00,0.00000e+00,0.00000e+00,0.00000e+00,0.00000e+00,0.00000e+00,0.00000e+00,0.00000e+00,0.00000e+00,0.00000e+00,0.00000e+00,0.00000e+00,0.00000e+00,0.00000e+00,0.00000e+00,0.00000e+00,0.00000e+00,0.00000e+00,0.00000e+00,0.00000e+00,0.00000e+00,0.00000e+00,0.00000e+00,0.00000e+00,0.00000e+00,0.00000e+00,0.00000e+00,0.00000e+00,0.00000e+00,0.00000e+00,0.00000e+00,0.00000e+00,0.00000e+00,0.00000e+00,0.00000e+00,0.00000e+00,1.41517e-02,5.47219e-02,1.27139e-01,2.31792e-01,3.65591e-01,5.23301e-01,6.98637e-01,8.85147e-01,1.07689e+00,1.26892e+00,1.45762e+00,1.64091e+00,1.81825e+00,1.99068e+00,2.16064e+00,2.33184e+00,2.50900e+00,2.69766e+00,2.90386e+00,3.13390e+00,3.39410e+00,3.69052e+00,4.02878e+00,4.41384e+00,4.84984e+00,5.33998e+00,5.88641e+00,6.49020e+00,7.15128e+00,7.86850e+00,8.63965e+00,9.46153e+00,1.03301e+01,1.12406e+01,1.21876e+01,1.31655e+01,1.41683e+01,1.51899e+01,1.62246e+01,1.72666e+01,1.83109e+01,1.93529e+01,2.03888e+01,2.14154e+01,2.24306e+01,2.34328e+01,2.44215e+01,2.53971e+01,2.63607e+01,2.73142e+01,2.82604e+01,2.92027e+01,3.01451e+01,3.10923e+01,3.20497e+01,3.30232e+01,3.40193e+01,3.50451e+01,3.61084e+01,3.72176e+01,3.83819e+01,3.96114e+01,4.09167e+01,4.23095e+01,4.38025e+01,4.54091e+01,4.71438e+01,4.90219e+01,5.10596e+01,5.32737e+01,5.56819e+01,5.83024e+01,6.11538e+01,6.42546e+01,6.76239e+01,7.12801e+01,7.52413e+01,7.95253e+01,8.41485e+01,8.91265e+01,9.44735e+01,1.00202e+02,1.06323e+02,1.12846e+02,1.19777e+02,1.27120e+02,1.34880e+02,1.43055e+02,1.51643e+02,1.60639e+02,1.70038e+02,1.79829e+02,1.90003e+02,2.00545e+02,2.11441e+02,2.22675e+02,2.34230e+02,2.46087e+02,2.58227e+02,2.70631e+02,2.83279e+02,2.96149e+02,3.09224e+02,3.22484e+02,3.35910e+02,3.49484e+02,3.63190e+02,3.77011e+02,3.90933e+02,4.04943e+02,4.19027e+02,4.33174e+02,4.47375e+02,4.61620e+02,4.75901e+02,4.90212e+02,5.04545e+02,5.18896e+02,5.33260e+02,5.47634e+02,5.62014e+02,5.76399e+02,5.90787e+02,6.05175e+02,6.19564e+02
0.46628,0.00000e+00,0.00000e+00,0.00000e+00,0.00000e+00,0.00000e+00,0.00000e+00,0.00000e+00,0.00000e+00,0.00000e+00,0.00000e+00,0.00000e+00,0.00000e+00,0.00000e+00,0.00000e+00,0.00000e+00,0.00000e+00,0.00000e+00,0.00000e+00,0.00000e+00,0.00000e+00,0.00000e+00,0.00000e+00,0.00000e+00,0.00000e+00,0.00000e+00,0.00000e+00,0.00000e+00,0.00000e+00,0.00000e+00,0.00000e+00,0.00000e+00,0.00000e+00,0.00000e+00,0.00000e+00,0.00000e+00,0.00000e+00,1.60944e-02,5.95870e-02,1.35200e-01,2.42830e-01,3.79082e-01,5.38556e-01,7.14919e-01,9.01756e-01,1.09322e+00,1.28450e+00,1.47212e+00,1.65413e+00,1.83013e+00,2.00123e+00,2.16996e+00,2.34005e+00,2.51624e+00,2.70402e+00,2.90940e+00,3.13867e+00,3.39810e+00,3.69376e+00,4.03130e+00,4.41575e+00,4.85137e+00,5.34153e+00,5.88861e+00,6.49393e+00,7.15776e+00,7.87927e+00,8.65659e+00,9.48690e+00,1.03665e+01,1.12909e+01,1.22550e+01,1.32534e+01,1.42800e+01,1.53290e+01,1.63944e+01,1.74704e+01,1.85517e+01,1.96333e+01,2.07109e+01,2.17810e+01,2.28407e+01,2.38882e+01,2.49223e+01,2.59428e+01,2.69505e+01,2.79470e+01,2.89345e+01,2.99162e+01,3.08962e+01,3.18791e+01,3.28701e+01,3.38754e+01,3.49016e+01,3.59561e+01,3.70471e+01,3.81834e+01,3.93746e+01,4.06312e+01,4.19645e+01,4.33867e+01,4.49109e+01,4.65512e+01,4.83224e+01,5.02405e+01,5.23219e+01,5.45840e+01,5.70448e+01,5.97227e+01,6.26364e+01,6.58050e+01,6.92472e+01,7.29818e+01,7.70268e+01,8.13998e+01,8.61174e+01,9.11950e+01,9.66467e+01,1.02485e+02,1.08721e+02,1.15362e+02,1.22417e+02,1.29889e+02,1.37781e+02,1.46093e+02,1.54821e+02,1.63962e+02,1.73509e+02,1.83452e+02,1.93779e+02,2.04478e+02,2.15534e+02,2.26931e+02,2.38650e+02,2.50674e+02,2.62982e+02,2.75555e+02,2.88372e+02,3.01415e+02,3.14662e+02,3.28094e+02,3.41693e+02,3.55441e+02,3.69321e+02,3.83316e+02,3.97412e+02,4.11596e+02,4.25855e+02,4.40177e+02,4.54552e+02,4.68971e+02,4.83427e+02,4.97912e+02,5.12419e+02,5.26945e+02,5.41484e+02,5.56032e+02,5.70587e+02,5.85146e+02,5.99708e+02,6.14271e+02,6.28834e+02
0.49958,0.00000e+00,0.00000e+00,0.00000e+00,0.00000e+00,0.00000e+00,0.00000e+00,0.00000e+00,0.00000e+00,0.00000e+00,0.00000e+00,0.00000e+00,0.00000e+00,0.00000e+00,0.00000e+00,0.00000e+00,0.00000e+00,0.00000e+00,0.00000e+00,0.00000e+00,0.00000e+00,0.00000e+00,0.00000e+00,0.00000e+00,0.00000e+00,0.00000e+00,0.00000e+00,0.00000e+00,0.00000e+00,0.00000e+00,0.00000e+00,0.00000e+00,0.00000e+00,0.00000e+00,0.00000e+00,0.00000e+00,0.00000e+00,1.71421e-02,6.23437e-02,1.40035e-01,2.49893e-01,3.88348e-01,5.49861e-01,7.27978e-01,9.16174e-01,1.10850e+00,1.30005e+00,1.48727e+00,1.66816e+00,1.84227e+00,2.01075e+00,2.17615e+00,2.34232e+00,2.51416e+00,2.69740e+00,2.89832e+00,3.12351e+00,3.37960e+00,3.67304e+00,4.00981e+00,4.39529e+00,4.83404e+00,5.32963e+00,5.88460e+00,6.50030e+00,7.17692e+00,7.91343e+00,8.70766e+00,9.55637e+00,1.04553e+01,1.13995e+01,1.23831e+01,1.34000e+01,1.44435e+01,1.55071e+01,1.65843e+01,1.76687e+01,1.87546e+01,1.98369e+01,2.09111e+01,2.19736e+01,2.30220e+01,2.40544e+01,2.50703e+01,2.60701e+01,2.70550e+01,2.80272e+01,2.89897e+01,2.99464e+01,3.09018e+01,3.18609e+01,3.28295e+01,3.38137e+01,3.48202e+01,3.58564e+01,3.69298e+01,3.80489e+01,3.92224e+01,4.04599e+01,4.17715e+01,4.31684e+01,4.46621e+01,4.62654e+01,4.79916e+01,4.98550e+01,5.18708e+01,5.40549e+01,5.64237e+01,5.89946e+01,6.17852e+01,6.48134e+01,6.80976e+01,7.16557e+01,7.55057e+01,7.96649e+01,8.41501e+01,8.89770e+01,9.41602e+01,9.97131e+01,1.05647e+02,1.11972e+02,1.18696e+02,1.25825e+02,1.33363e+02,1.41310e+02,1.49666e+02,1.58427e+02,1.67587e+02,1.77140e+02,1.87074e+02,1.97378e+02,2.08039e+02,2.19039e+02,2.30364e+02,2.41995e+02,2.53913e+02,2.66098e+02,2.78532e+02,2.91194e+02,3.04065e+02,3.17125e+02,3.30355e+02,3.43738e+02,3.57256e+02,3.70893e+02,3.84634e+02,3.98465e+02,4.12374e+02,4.26348e+02,4.40377e+02,4.54451e+02,4.68564e+02,4.82706e+02,4.96872e+02,5.11057e+02,5.25255e+02,5.39464e+02,5.53679e+02,5.67899e+02,5.82122e+02,5.96345e+02,6.10569e+02
0.53289,0.00000e+00,0.00000e+00,0.00000e+00,0.00000e+00,0.00000e+00,0.00000e+00,0.00000e+00,0.00000e+00,0.00000e+00,0.00000e+00,0.00000e+00,0.00000e+00,0.00000e+00,0.00000e+00,0.00000e+00,0.00000e+00,0.00000e+00,0.00000e+00,0.00000e+00,0.00000e+00,0.00000e+00,0.00000e+00,0.00000e+00,0.00000e+00,0.00000e+00,0.00000e+00,0.00000e+00,0.00000e+00,0.00000e+00,0.00000e+00,0.00000e+00,0.00000e+00,0.00000e+00,0.00000e+00,0.00000e+00,1.13175e-03,2.14410e-02,7.07841e-02,1.52759e-01,2.66419e-01,4.07753e-01,5.70948e-01,7.49416e-01,9.36621e-01,1.12670e+00,1.31491e+00,1.49794e+00,1.67402e+00,1.84300e+00,2.00630e+00,2.16674e+00,2.32843e+00,2.49648e+00,2.67679e+00,2.87577e+00,3.10012e+00,3.35652e+00,3.65140e+00,3.99075e+00,4.37988e+00,4.82325e+00,5.32434e+00,5.88553e+00,6.50805e+00,7.19192e+00,7.93597e+00,8.73788e+00,9.59427e+00,1.05008e+01,1.14523e+01,1.24429e+01,1.34664e+01,1.45162e+01,1.55858e+01,1.66685e+01,1.77582e+01,1.88491e+01,1.99363e+01,2.10152e+01,2.20823e+01,2.31352e+01,2.41719e+01,2.51919e+01,2.61954e+01,2.71835e+01,2.81582e+01,2.91225e+01,3.00799e+01,3.10348e+01,3.19921e+01,3.29577e+01,3.39374e+01,3.49382e+01,3.59670e+01,3.70317e+01,3.81405e+01,3.93019e+01,4.05253e+01,4.18206e+01,4.31983e+01,4.46694e+01,4.62460e+01,4.79406e+01,4.97666e+01,5.17382e+01,5.38704e+01,5.61788e+01,5.86797e+01,6.13899e+01,6.43267e+01,6.75077e+01,7.09506e+01,7.46728e+01,7.86918e+01,8.30243e+01,8.76864e+01,9.26930e+01,9.80580e+01,1.03794e+02,1.09911e+02,1.16419e+02,1.23324e+02,1.30632e+02,1.38344e+02,1.46462e+02,1.54982e+02,1.63901e+02,1.73212e+02,1.82906e+02,1.92972e+02,2.03398e+02,2.14169e+02,2.25269e+02,2.36680e+02,2.48384e+02,2.60363e+02,2.72597e+02,2.85065e+02,2.97748e+02,3.10627e+02,3.23683e+02,3.36896e+02,3.50251e+02,3.63729e+02,3.77316e+02,3.90996e+02,4.04758e+02,4.18588e+02,4.32476e+02,4.46412e+02,4.60387e+02,4.74394e+02,4.88426e+02,5.02477e+02,5.16543e+02,5.30620e+02,5.44704e+02,5.58792e+02,5.72884e+02,5.86976e+02,6.01069e+02
0.56619,0.00000e+00,0.00000e+00,0.00000e+00,0.00000e+00,0.00000e+00,0.00000e+00,0.00000e+00,0.00000e+00,0.00000e+00,0.00000e+00,0.00000e+00,0.00000e+00,0.00000e+00,0.00000e+00,0.00000e+00,0.00000e+00,0.00000e+00,0.00000e+00,0.00000e+00,0.00000e+00,0.00000e+00,0.00000e+00,0.00000e+00,0.00000e+00,0.00000e+00,0.00000e+00,0.00000e+00,0.00000e+00,0.00000e+00,0.00000e+00,0.00000e+00,0.00000e+00,0.00000e+00,0.00000e+00,0.00000e+00,1.22002e-03,2.17078e-02,7.13579e-02,1.53818e-01,2.68181e-01,4.10456e-01,5.74813e-01,7.54614e-01,9.43235e-01,1.13470e+00,1.32413e+00,1.50807e+00,1.68462e+00,1.85351e+00,2.01609e+00,2.17514e+00,2.33480e+00,2.50026e+00,2.67757e+00,2.87338e+00,3.09465e+00,3.34837e+00,3.64134e+00,3.97990e+00,4.36970e+00,4.81553e+00,5.32112e+00,5.88904e+00,6.52059e+00,7.21576e+00,7.97322e+00,8.79036e+00,9.66338e+00,1.05874e+01,1.15565e+01,1.25643e+01,1.36036e+01,1.46671e+01,1.57473e+01,1.68369e+01,1.79291e+01,1.90177e+01,2.00970e+01,2.11626e+01,2.22110e+01,2.32397e+01,2.42476e+01,2.52345e+01,2.62015e+01,2.71506e+01,2.80851e+01,2.90087e+01,2.99261e+01,3.08426e+01,3.17640e+01,3.26964e+01,3.36465e+01,3.46210e+01,3.56271e+01,3.66722e+01,3.77639e+01,3.89103e+01,4.01197e+01,4.14010e+01,4.27637e+01,4.42179e+01,4.57742e+01,4.74443e+01,4.92404e+01,5.11756e+01,5.32639e+01,5.55200e+01,5.79592e+01,6.05975e+01,6.34515e+01,6.65380e+01,6.98741e+01,7.34768e+01,7.73629e+01,8.15488e+01,8.60504e+01,9.08826e+01,9.60592e+01,1.01593e+02,1.07494e+02,1.13773e+02,1.20437e+02,1.27491e+02,1.34938e+02,1.42781e+02,1.51017e+02,1.59644e+02,1.68655e+02,1.78044e+02,1.87800e+02,1.97911e+02,2.08365e+02,2.19145e+02,2.30236e+02,2.41620e+02,2.53277e+02,2.65191e+02,2.77339e+02,2.89705e+02,3.02267e+02,3.15007e+02,3.27907e+02,3.40949e+02,3.54117e+02,3.67395e+02,3.80768e+02,3.94223e+02,4.07748e+02,4.21331e+02,4.34963e+02,4.48635e+02,4.62340e+02,4.76070e+02,4.89820e+02,5.03584e+02,5.17360e+02,5.31143e+02,5.44930e+02,5.58721e+02,5.72512e+02,5.86304e+02
0.59950,0.00000e+00,0.00000e+00,0.00000e+00,0.00000e+00,0.00000e+00,0.00000e+00,0.00000e+00,0.00000e+00,0.00000e+00,0.00000e+00,0.00000e+00,0.00000e+00,0.00000e+00,0.00000e+00,0.00000e+00,0.00000e+00,0.00000e+00,0.00000e+00,0.00000e+00,0.00000e+00,0.00000e+00,0.00000e+00,0.00000e+00,0.00000e+00,0.00000e+00,0.00000e+00,0.00000e+00,0.00000e+00,0.00000e+00,0.00000e+00,0.00000e+00,0.00000e+00,0.00000e+00,0.00000e+00,0.00000e+00,2.20494e-03,2.42933e-02,7.58417e-02,1.60232e-01,2.76343e-01,4.20020e-01,5.85320e-01,7.65539e-01,9.54032e-01,1.14484e+00,1.33314e+00,1.51555e+00,1.69029e+00,1.85723e+00,2.01782e+00,2.17504e+00,2.33313e+00,2.49745e+00,2.67418e+00,2.87006e+00,3.09215e+00,3.34750e+00,3.64294e+00,3.98481e+00,4.37874e+00,4.82944e+00,5.34057e+00,5.91458e+00,6.55265e+00,7.25463e+00,8.01905e+00,8.84315e+00,9.72301e+00,1.06536e+01,1.16291e+01,1.26427e+01,1.36875e+01,1.47559e+01,1.58407e+01,1.69345e+01,1.80306e+01,1.91227e+01,2.02053e+01,2.12740e+01,2.23254e+01,2.33569e+01,2.43673e+01,2.53566e+01,2.63256e+01,2.72763e+01,2.82117e+01,2.91355e+01,3.00521e+01,3.09667e+01,3.18848e+01,3.28126e+01,3.37564e+01,3.47230e+01,3.57194e+01,3.67529e+01,3.78311e+01,3.89620e+01,4.01539e+01,4.14157e+01,4.27567e+01,4.41868e+01,4.57166e+01,4.73573e+01,4.91210e+01,5.10205e+01,5.30691e+01,5.52813e+01,5.76718e+01,6.02563e+01,6.30508e+01,6.60716e+01,6.93355e+01,7.28590e+01,7.66589e+01,8.07513e+01,8.51519e+01,8.98758e+01,9.49368e+01,1.00348e+02,1.06120e+02,1.12264e+02,1.18787e+02,1.25696e+02,1.32994e+02,1.40683e+02,1.48764e+02,1.57234e+02,1.66088e+02,1.75319e+02,1.84918e+02,1.94875e+02,2.05175e+02,2.15806e+02,2.26750e+02,2.37990e+02,2.49509e+02,2.61287e+02,2.73306e+02,2.85545e+02,2.97986e+02,3.10609e+02,3.23395e+02,3.36327e+02,3.49389e+02,3.62563e+02,3.75836e+02,3.89193e+02,4.02623e+02,4.16112e+02,4.29653e+02,4.43234e+02,4.56849e+02,4.70491e+02,4.84153e+02,4.97830e+02,5.11518e+02,5.25214e+02,5.38915e+02,5.52619e+02,5.66325e+02,5.80030e+02
0.63281,0.00000e+00,0.00000e+00,0.00000e+00,0.00000e+00,0.00000e+00,0.00000e+00,0.00000e+00,0.00000e+00,0.00000e+00,0.00000e+00,0.00000e+00,0.00000e+00,0.00000e+00,0.00000e+00,0.00000e+00,0.00000e+00,0.00000e+00,0.00000e+00,0.00000e+00,0.00000e+00,0.00000e+00,0.00000e+00,0.00000e+00,0.00000e+00,0.00000e+00,0.00000e+00,0.00000e+00,0.00000e+00,0.00000e+00,0.00000e+00,0.00000e+00,0.00000e+00,0.00000e+00,0.00000e+00,0.00000e+00,4.35891e-03,2.96554e-02,8.46393e-02,1.72097e-01,2.90507e-01,4.35474e-01,6.00947e-01,7.80223e-01,9.66741e-01,1.15470e+00,1.33948e+00,1.51794e+00,1.68857e+00,1.85150e+00,2.00848e+00,2.16273e+00,2.31875e+00,2.48209e+00,2.65909e+00,2.85660e+00,3.08173e+00,3.34153e+00,3.64274e+00,3.99155e+00,4.39338e+00,4.85270e+00,5.37284e+00,5.95593e+00,6.60277e+00,7.31286e+00,8.08438e+00,8.91426e+00,9.79830e+00,1.07313e+01,1.17072e+01,1.27194e+01,1.37608e+01,1.48242e+01,1.59022e+01,1.69880e+01,1.80750e+01,1.91574e+01,2.02300e+01,2.12886e+01,2.23300e+01,2.33520e+01,2.43535e+01,2.53344e+01,2.62956e+01,2.72390e+01,2.81673e+01,2.90841e+01,2.99936e+01,3.09007e+01,3.18109e+01,3.27299e+01,3.36641e+01,3.46200e+01,3.56047e+01,3.66252e+01,3.76892e+01,3.88046e+01,3.99795e+01,4.12225e+01,4.25428e+01,4.39500e+01,4.54542e+01,4.70662e+01,4.87975e+01,5.06602e+01,5.26671e+01,5.48317e+01,5.71683e+01,5.96917e+01,6.24171e+01,6.53602e+01,6.85372e+01,7.19641e+01,7.56571e+01,7.96322e+01,8.39049e+01,8.84900e+01,9.34017e+01,9.86530e+01,1.04256e+02,1.10220e+02,1.16555e+02,1.23267e+02,1.30361e+02,1.37839e+02,1.45704e+02,1.53952e+02,1.62581e+02,1.71583e+02,1.80952e+02,1.90677e+02,2.00745e+02,2.11143e+02,2.21855e+02,2.32865e+02,2.44155e+02,2.55707e+02,2.67500e+02,2.79517e+02,2.91738e+02,3.04143e+02,3.16714e+02,3.29434e+02,3.42284e+02,3.55250e+02,3.68316e+02,3.81467e+02,3.94692e+02,4.07979e+02,4.21318e+02,4.34699e+02,4.48114e+02,4.61555e+02,4.75018e+02,4.88497e+02,5.01987e+02,5.15484e+02,5.28987e+02,5.42493e+02,5.56000e+02,5.69508e+02
0.66611,0.00000e+00,0.00000e+00,0.00000e+00,0.00000e+00,0.00000e+00,0.00000e+00,0.00000e+00,0.00000e+00,0.00000e+00,0.00000e+00,0.00000e+00,0.00000e+00,0.00000e+00,0.00000e+00,0.00000e+00,0.00000e+00,0.00000e+00,0.00000e+00,0.00000e+00,0.00000e+00,0.00000e+00,0.00000e+00,0.00000e+00,0.00000e+00,0.00000e+00,0.00000e+00,0.00000e+00,0.00000e+00,0.00000e+00,0.00000e+00,0.00000e+00,0.00000e+00,0.00000e+00,0.00000e+00,0.00000e+00,4.88816e-03,3.10712e-02,8.71820e-02,1.75924e-01,2.95711e-01,4.42087e-01,6.08935e-01,7.89477e-01,9.77068e-01,1.16581e+00,1.35099e+00,1.52939e+00,1.69940e+00,1.86113e+00,2.01630e+00,2.16816e+00,2.32130e+00,2.48139e+00,2.65498e+00,2.84917e+00,3.07134e+00,3.32887e+00,3.62885e+00,3.97784e+00,4.38158e+00,4.84485e+00,5.37124e+00,5.96306e+00,6.62120e+00,7.34516e+00,8.13298e+00,8.98137e+00,9.88575e+00,1.08405e+01,1.18389e+01,1.28737e+01,1.39372e+01,1.50213e+01,1.61181e+01,1.72199e+01,1.83196e+01,1.94107e+01,2.04879e+01,2.15467e+01,2.25837e+01,2.35970e+01,2.45858e+01,2.55502e+01,2.64920e+01,2.74136e+01,2.83185e+01,2.92112e+01,3.00968e+01,3.09808e+01,3.18694e+01,3.27691e+01,3.36868e+01,3.46292e+01,3.56036e+01,3.66170e+01,3.76769e+01,3.87907e+01,3.99659e+01,4.12104e+01,4.25323e+01,4.39401e+01,4.54429e+01,4.70501e+01,4.87721e+01,5.06197e+01,5.26045e+01,5.47392e+01,5.70368e+01,5.95113e+01,6.21775e+01,6.50506e+01,6.81463e+01,7.14808e+01,7.50704e+01,7.89311e+01,8.30791e+01,8.75299e+01,9.22981e+01,9.73979e+01,1.02842e+02,1.08641e+02,1.14806e+02,1.21344e+02,1.28261e+02,1.35561e+02,1.43246e+02,1.51316e+02,1.59767e+02,1.68594e+02,1.77790e+02,1.87346e+02,1.97250e+02,2.07489e+02,2.18046e+02,2.28907e+02,2.40054e+02,2.51467e+02,2.63128e+02,2.75018e+02,2.87116e+02,2.99404e+02,3.11862e+02,3.24473e+02,3.37218e+02,3.50082e+02,3.63049e+02,3.76105e+02,3.89236e+02,4.02432e+02,4.15680e+02,4.28972e+02,4.42299e+02,4.55654e+02,4.69031e+02,4.82424e+02,4.95829e+02,5.09241e+02,5.22660e+02,5.36081e+02,5.49504e+02,5.62927e+02
0.69942,0.00000e+00,0.00000e+00,0.00000e+00,0.00000e+00,0.00000e+00,0.00000e+00,0.00000e+00,0.00000e+00,0.00000e+00,0.00000e+00,0.00000e+00,0.00000e+00,0.00000e+00,0.00000e+00,0.00000e+00,0.00000e+00,0.00000e+00,0.00000e+00,0.00000e+00,0.00000e+00,0.00000e+00,0.00000e+00,0.00000e+00,0.00000e+00,0.00000e+00,0.00000e+00,0.00000e+00,0.00000e+00,0.00000e+00,0.00000e+00,0.00000e+00,0.00000e+00,0.00000e+00,0.00000e+00,0.00000e+00,5.00395e-03,3.13933e-02,8.77902e-02,1.76896e-01,2.97121e-01,4.44009e-01,6.11436e-01,7.92610e-01,9.80868e-01,1.17029e+00,1.35614e+00,1.53515e+00,1.70573e+00,1.86793e+00,2.02349e+00,2.17566e+00,2.32903e+00,2.48931e+00,2.66308e+00,2.85750e+00,3.08002e+00,3.33809e+00,3.63888e+00,3.98904e+00,4.39442e+00,4.85986e+00,5.38906e+00,5.98438e+00,6.64680e+00,7.37587e+00,8.16966e+00,9.02489e+00,9.93698e+00,1.09002e+01,1.19080e+01,1.29527e+01,1.40267e+01,1.51217e+01,1.62295e+01,1.73422e+01,1.84525e+01,1.95536e+01,2.06398e+01,2.17063e+01,2.27495e+01,2.37670e+01,2.47577e+01,2.57218e+01,2.66605e+01,2.75762e+01,2.84723e+01,2.93533e+01,3.02243e+01,3.10908e+01,3.19593e+01,3.28362e+01,3.37285e+01,3.46433e+01,3.55877e+01,3.65689e+01,3.75945e+01,3.86718e+01,3.98084e+01,4.10122e+01,4.22912e+01,4.36539e+01,4.51093e+01,4.66667e+01,4.83363e+01,5.01288e+01,5.20556e+01,5.41292e+01,5.63624e+01,5.87690e+01,6.13634e+01,6.41605e+01,6.71758e+01,7.04251e+01,7.39244e+01,7.76896e+01,8.17364e+01,8.60803e+01,9.07359e+01,9.57171e+01,1.01037e+02,1.06706e+02,1.12735e+02,1.19132e+02,1.25903e+02,1.33053e+02,1.40584e+02,1.48495e+02,1.56785e+02,1.65448e+02,1.74478e+02,1.83866e+02,1.93600e+02,2.03669e+02,2.14057e+02,2.24747e+02,2.35724e+02,2.46968e+02,2.58461e+02,2.70183e+02,2.82114e+02,2.94237e+02,3.06531e+02,3.18979e+02,3.31562e+02,3.44266e+02,3.57073e+02,3.69970e+02,3.82943e+02,3.95981e+02,4.09073e+02,4.22208e+02,4.35380e+02,4.48580e+02,4.61801e+02,4.75039e+02,4.88289e+02,5.01548e+02,5.14811e+02,5.28078e+02,5.41346e+02,5.54615e+02
0.73272,0.00000e+00,0.00000e+00,0.00000e+00,0.00000e+00,0.00000e+00,0.00000e+00,0.00000e+00,0.00000e+00,0.00000e+00,0.00000e+00,0.00000e+00,0.00000e+00,0.00000e+00,0.00000e+00,0.00000e+00,0.00000e+00,0.00000e+00,0.00000e+00,0.00000e+00,0.00000e+00,0.00000e+00,0.00000e+00,0.00000e+00,0.00000e+00,0.00000e+00,0.00000e+00,0.00000e+00,0.00000e+00,0.00000e+00,0.00000e+00,0.00000e+00,0.00000e+00,0.00000e+00,0.00000e+00,0.00000e+00,5.60786e-03,3.31474e-02,9.11437e-02,1.82170e-01,3.04489e-01,4.53476e-01,6.22835e-01,8.05602e-01,9.94948e-01,1.18480e+00,1.37028e+00,1.54805e+00,1.71641e+00,1.87541e+00,2.02680e+00,2.17391e+00,2.32147e+00,2.47539e+00,2.64250e+00,2.83029e+00,3.04656e+00,3.29918e+00,3.59579e+00,3.94348e+00,4.34857e+00,4.81634e+00,5.35089e+00,5.95493e+00,6.62970e+00,7.37487e+00,8.18859e+00,9.06748e+00,1.00068e+01,1.10004e+01,1.20413e+01,1.31215e+01,1.42324e+01,1.53653e+01,1.65112e+01,1.76617e+01,1.88086e+01,1.99446e+01,2.10636e+01,2.21603e+01,2.32310e+01,2.42731e+01,2.52856e+01,2.62686e+01,2.72238e+01,2.81539e+01,2.90627e+01,2.99550e+01,3.08362e+01,3.17124e+01,3.25902e+01,3.34764e+01,3.43781e+01,3.53025e+01,3.62566e+01,3.72478e+01,3.82833e+01,3.93702e+01,4.05161e+01,4.17283e+01,4.30146e+01,4.43831e+01,4.58422e+01,4.74008e+01,4.90687e+01,5.08559e+01,5.27736e+01,5.48333e+01,5.70478e+01,5.94302e+01,6.19946e+01,6.47556e+01,6.77287e+01,7.09294e+01,7.43739e+01,7.80782e+01,8.20585e+01,8.63304e+01,9.09094e+01,9.58098e+01,1.01045e+02,1.06628e+02,1.12570e+02,1.18879e+02,1.25563e+02,1.32627e+02,1.40076e+02,1.47910e+02,1.56127e+02,1.64724e+02,1.73696e+02,1.83034e+02,1.92727e+02,2.02764e+02,2.13130e+02,2.23810e+02,2.34786e+02,2.46040e+02,2.57552e+02,2.69304e+02,2.81275e+02,2.93446e+02,3.05797e+02,3.18309e+02,3.30964e+02,3.43745e+02,3.56636e+02,3.69621e+02,3.82687e+02,3.95822e+02,4.09013e+02,4.22251e+02,4.35526e+02,4.48832e+02,4.62161e+02,4.75507e+02,4.88866e+02,5.02234e+02,5.15607e+02,5.28984e+02,5.42362e+02,5.55741e+02
0.76603,0.00000e+00,0.00000e+00,0.00000e+00,0.00000e+00,0.00000e+00,0.00000e+00,0.00000e+00,0.00000e+00,0.00000e+00,0.00000e+00,0.00000e+00,0.00000e+00,0.00000e+00,0.00000e+00,0.00000e+00,0.00000e+00,0.00000e+00,0.00000e+00,0.00000e+00,0.00000e+00,0.00000e+00,0.00000e+00,0.00000e+00,0.00000e+00,0.00000e+00,0.00000e+00,0.00000e+00,0.00000e+00,0.00000e+00,0.00000e+00,0.00000e+00,0.00000e+00,0.00000e+00,0.00000e+00,0.00000e+00,1.41252e-02,5.42143e-02,1.25512e-01,2.28325e-01,3.59490e-01,5.13629e-01,6.84216e-01,8.64447e-01,1.04793e+00,1.22921e+00,1.40414e+00,1.57011e+00,1.72621e+00,1.87317e+00,2.01341e+00,2.15080e+00,2.29057e+00,2.43900e+00,2.60324e+00,2.79094e+00,3.01006e+00,3.26848e+00,3.57376e+00,3.93284e+00,4.35178e+00,4.83554e+00,5.38777e+00,6.01067e+00,6.70489e+00,7.46947e+00,8.30182e+00,9.19785e+00,1.01520e+01,1.11576e+01,1.22068e+01,1.32910e+01,1.44012e+01,1.55282e+01,1.66629e+01,1.77966e+01,1.89213e+01,2.00300e+01,2.11168e+01,2.21770e+01,2.32075e+01,2.42064e+01,2.51734e+01,2.61095e+01,2.70169e+01,2.78991e+01,2.87604e+01,2.96061e+01,3.04420e+01,3.12745e+01,3.21103e+01,3.29561e+01,3.38189e+01,3.47056e+01,3.56232e+01,3.65783e+01,3.75777e+01,3.86281e+01,3.97362e+01,4.09087e+01,4.21527e+01,4.34755e+01,4.48847e+01,4.63886e+01,4.79959e+01,4.97162e+01,5.15598e+01,5.35378e+01,5.56621e+01,5.79456e+01,6.04018e+01,6.30453e+01,6.58910e+01,6.89546e+01,7.22521e+01,7.57999e+01,7.96141e+01,8.37110e+01,8.81062e+01,9.28147e+01,9.78506e+01,1.03227e+02,1.08956e+02,1.15046e+02,1.21507e+02,1.28344e+02,1.35561e+02,1.43160e+02,1.51141e+02,1.59500e+02,1.68233e+02,1.77330e+02,1.86784e+02,1.96580e+02,2.06707e+02,2.17147e+02,2.27884e+02,2.38901e+02,2.50177e+02,2.61693e+02,2.73430e+02,2.85368e+02,2.97487e+02,3.09768e+02,3.22193e+02,3.34745e+02,3.47407e+02,3.60164e+02,3.73003e+02,3.85910e+02,3.98875e+02,4.11887e+02,4.24937e+02,4.38017e+02,4.51121e+02,4.64242e+02,4.77376e+02,4.90519e+02,5.03667e+02,5.16819e+02,5.29972e+02,5.43126e+02
0.79933,0.00000e+00,0.00000e+00,0.00000e+00,0.00000e+00,0.00000e+00,0.00000e+00,0.00000e+00,0.00000e+00,0.00000e+00,0.00000e+00,0.00000e+00,0.00000e+00,0.00000e+00,0.00000e+00,0.00000e+00,0.00000e+00,0.00000e+00,0.00000e+00,0.00000e+00,0.00000e+00,0.00000e+00,0.00000e+00,0.00000e+00,0.00000e+00,0.00000e+00,0.00000e+00,0.00000e+00,0.00000e+00,0.00000e+00,0.00000e+00,0.00000e+00,0.00000e+00,0.00000e+00,0.00000e+00,0.00000e+00,1.58693e-02,5.85461e-02,1.32604e-01,2.37880e-01,3.70901e-01,5.26121e-01,6.96956e-01,8.76627e-01,1.05883e+00,1.23825e+00,1.41089e+00,1.57433e+00,1.72783e+00,1.87232e+00,2.01035e+00,2.14599e+00,2.28458e+00,2.43253e+00,2.59708e+00,2.78599e+00,3.00724e+00,3.26875e+00,3.57811e+00,3.94224e+00,4.36718e+00,4.85784e+00,5.41782e+00,6.04924e+00,6.75266e+00,7.52700e+00,8.36959e+00,9.27620e+00,1.02412e+01,1.12575e+01,1.23174e+01,1.34120e+01,1.45321e+01,1.56683e+01,1.68113e+01,1.79522e+01,1.90827e+01,2.01957e+01,2.12849e+01,2.23456e+01,2.33744e+01,2.43693e+01,2.53298e+01,2.62569e+01,2.71528e+01,2.80210e+01,2.88659e+01,2.96929e+01,3.05080e+01,3.13178e+01,3.21292e+01,3.29493e+01,3.37853e+01,3.46443e+01,3.55334e+01,3.64596e+01,3.74297e+01,3.84503e+01,3.95282e+01,4.06698e+01,4.18819e+01,4.31715e+01,4.45457e+01,4.60121e+01,4.75790e+01,4.92550e+01,5.10499e+01,5.29738e+01,5.50379e+01,5.72544e+01,5.96361e+01,6.21969e+01,6.49512e+01,6.79142e+01,7.11017e+01,7.45298e+01,7.82147e+01,8.21727e+01,8.64197e+01,9.09713e+01,9.58420e+01,1.01046e+02,1.06595e+02,1.12500e+02,1.18770e+02,1.25413e+02,1.32433e+02,1.39834e+02,1.47615e+02,1.55775e+02,1.64309e+02,1.73211e+02,1.82471e+02,1.92078e+02,2.02018e+02,2.12277e+02,2.22838e+02,2.33682e+02,2.44791e+02,2.56146e+02,2.67725e+02,2.79511e+02,2.91481e+02,3.03618e+02,3.15903e+02,3.28318e+02,3.40847e+02,3.53474e+02,3.66184e+02,3.78966e+02,3.91806e+02,4.04695e+02,4.17623e+02,4.30583e+02,4.43566e+02,4.56568e+02,4.69583e+02,4.82607e+02,4.95637e+02,5.08671e+02,5.21706e+02,5.34741e+02
0.83264,0.00000e+00,0.00000e+00,0.00000e+00,0.00000e+00,0.00000e+00,0.00000e+00,0.00000e+00,0.00000e+00,0.00000e+00,0.00000e+00,0.00000e+00,0.00000e+00,0.00000e+00,0.00000e+00,0.00000e+00,0.00000e+00,0.00000e+00,0.00000e+00,0.00000e+00,0.00000e+00,0.00000e+00,0.00000e+00,0.00000e+00,0.00000e+00,0.00000e+00,0.00000e+00,0.00000e+00,0.00000e+00,0.00000e+00,0.00000e+00,0.00000e+00,0.00000e+00,0.00000e+00,0.00000e+00,0.00000e+00,1.70940e-02,6.17093e-02,1.38021e-01,2.45563e-01,3.80640e-01,5.37551e-01,7.09610e-01,8.89984e-01,1.07235e+00,1.25141e+00,1.42320e+00,1.58536e+00,1.73723e+00,1.87983e+00,2.01583e+00,2.14938e+00,2.28597e+00,2.43214e+00,2.59525e+00,2.78317e+00,3.00404e+00,3.26591e+00,3.57647e+00,3.94276e+00,4.37092e+00,4.86594e+00,5.43148e+00,6.06970e+00,6.78115e+00,7.56473e+00,8.41770e+00,9.33570e+00,1.03129e+01,1.13423e+01,1.24156e+01,1.35239e+01,1.46575e+01,1.58069e+01,1.69622e+01,1.81143e+01,1.92545e+01,2.03751e+01,2.14698e+01,2.25332e+01,2.35618e+01,2.45531e+01,2.55067e+01,2.64234e+01,2.73054e+01,2.81562e+01,2.89808e+01,2.97848e+01,3.05747e+01,3.13577e+01,3.21414e+01,3.29335e+01,3.37418e+01,3.45741e+01,3.54380e+01,3.63407e+01,3.72894e+01,3.82908e+01,3.93514e+01,4.04777e+01,4.16759e+01,4.29525e+01,4.43141e+01,4.57675e+01,4.73202e+01,4.89800e+01,5.07557e+01,5.26568e+01,5.46937e+01,5.68776e+01,5.92210e+01,6.17369e+01,6.44394e+01,6.73436e+01,7.04648e+01,7.38192e+01,7.74231e+01,8.12929e+01,8.54451e+01,8.98955e+01,9.46595e+01,9.97513e+01,1.05184e+02,1.10970e+02,1.17118e+02,1.23637e+02,1.30533e+02,1.37809e+02,1.45466e+02,1.53504e+02,1.61918e+02,1.70703e+02,1.79849e+02,1.89346e+02,1.99181e+02,2.09339e+02,2.19803e+02,2.30555e+02,2.41576e+02,2.52847e+02,2.64348e+02,2.76058e+02,2.87958e+02,3.00027e+02,3.12248e+02,3.24601e+02,3.37071e+02,3.49640e+02,3.62296e+02,3.75024e+02,3.87812e+02,4.00651e+02,4.13529e+02,4.26439e+02,4.39375e+02,4.52328e+02,4.65296e+02,4.78272e+02,4.91255e+02,5.04241e+02,5.17229e+02,5.30218e+02
0.86594,0.00000e+00,0.00000e+00,0.00000e+00,0.00000e+00,0.00000e+00,0.00000e+00,0.00000e+00,0.00000e+00,0.00000e+00,0.00000e+00,0.00000e+00,0.00000e+00,0.00000e+00,0.00000e+00,0.00000e+00,0.00000e+00,0.00000e+00,0.00000e+00,0.00000e+00,0.00000e+00,0.00000e+00,0.00000e+00,0.00000e+00,0.00000e+00,0.00000e+00,0.00000e+00,0.00000e+00,0.00000e+00,0.00000e+00,0.00000e+00,0.00000e+00,0.00000e+00,0.00000e+00,0.00000e+00,0.00000e+00,1.63788e-02,6.01542e-02,1.35852e-01,2.43165e-01,3.78410e-01,5.35800e-01,7.08503e-01,8.89517e-01,1.07236e+00,1.25159e+00,1.42319e+00,1.58476e+00,1.73567e+00,1.87705e+00,2.01173e+00,2.14406e+00,2.27974e+00,2.42557e+00,2.58913e+00,2.77854e+00,3.00212e+00,3.26806e+00,3.58414e+00,3.95742e+00,4.39397e+00,4.89868e+00,5.47497e+00,6.12474e+00,6.84820e+00,7.64388e+00,8.50858e+00,9.43753e+00,1.04245e+01,1.14619e+01,1.25412e+01,1.36530e+01,1.47875e+01,1.59347e+01,1.70848e+01,1.82285e+01,1.93571e+01,2.04631e+01,2.15403e+01,2.25835e+01,2.35893e+01,2.45558e+01,2.54826e+01,2.63708e+01,2.72229e+01,2.80429e+01,2.88355e+01,2.96067e+01,3.03632e+01,3.11121e+01,3.18612e+01,3.26183e+01,3.33911e+01,3.41875e+01,3.50152e+01,3.58813e+01,3.67930e+01,3.77570e+01,3.87798e+01,3.98676e+01,4.10265e+01,4.22627e+01,4.35825e+01,4.49924e+01,4.64993e+01,4.81107e+01,4.98347e+01,5.16803e+01,5.36573e+01,5.57763e+01,5.80490e+01,6.04880e+01,6.31069e+01,6.59201e+01,6.89425e+01,7.21898e+01,7.56782e+01,7.94239e+01,8.34430e+01,8.77514e+01,9.23646e+01,9.72971e+01,1.02562e+02,1.08172e+02,1.14137e+02,1.20466e+02,1.27164e+02,1.34238e+02,1.41687e+02,1.49512e+02,1.57710e+02,1.66275e+02,1.75199e+02,1.84472e+02,1.94081e+02,2.04012e+02,2.14249e+02,2.24775e+02,2.35569e+02,2.46615e+02,2.57890e+02,2.69375e+02,2.81051e+02,2.92898e+02,3.04896e+02,3.17028e+02,3.29278e+02,3.41628e+02,3.54065e+02,3.66575e+02,3.79146e+02,3.91767e+02,4.04428e+02,4.17122e+02,4.29841e+02,4.42579e+02,4.55331e+02,4.68092e+02,4.80859e+02,4.93630e+02,5.06402e+02,5.19175e+02
0.89925,0.00000e+00,0.00000e+00,0.00000e+00,0.00000e+00,0.00000e+00,0.00000e+00,0.00000e+00,0.00000e+00,0.00000e+00,0.00000e+00,0.00000e+00,0.00000e+00,0.00000e+00,0.00000e+00,0.00000e+00,0.00000e+00,0.00000e+00,0.00000e+00,0.00000e+00,0.00000e+00,0.00000e+00,0.00000e+00,0.00000e+00,0.00000e+00,0.00000e+00,0.00000e+00,0.00000e+00,0.00000e+00,0.00000e+00,0.00000e+00,0.00000e+00,0.00000e+00,0.00000e+00,0.00000e+00,0.00000e+00,1.74788e-02,6.30049e-02,1.40760e-01,2.50179e-01,3.87391e-01,5.46473e-01,7.20499e-01,9.02402e-01,1.08566e+00,1.26480e+00,1.43580e+00,1.59625e+00,1.74556e+00,1.88488e+00,2.01711e+00,2.14668e+00,2.27943e+00,2.42229e+00,2.58305e+00,2.77003e+00,2.99179e+00,3.25677e+00,3.57300e+00,3.94780e+00,4.38748e+00,4.89708e+00,5.48021e+00,6.13884e+00,6.87321e+00,7.68178e+00,8.56123e+00,9.50657e+00,1.05112e+01,1.15673e+01,1.26658e+01,1.37968e+01,1.49499e+01,1.61147e+01,1.72808e+01,1.84382e+01,1.95780e+01,2.06923e+01,2.17742e+01,2.28188e+01,2.38224e+01,2.47832e+01,2.57010e+01,2.65772e+01,2.74149e+01,2.82183e+01,2.89930e+01,2.97454e+01,3.04828e+01,3.12129e+01,3.19439e+01,3.26839e+01,3.34410e+01,3.42231e+01,3.50377e+01,3.58922e+01,3.67932e+01,3.77470e+01,3.87597e+01,3.98371e+01,4.09847e+01,4.22080e+01,4.35127e+01,4.49048e+01,4.63907e+01,4.79774e+01,4.96725e+01,5.14846e+01,5.34232e+01,5.54987e+01,5.77225e+01,6.01073e+01,6.26663e+01,6.54142e+01,6.83660e+01,7.15376e+01,7.49452e+01,7.86056e+01,8.25353e+01,8.67507e+01,9.12678e+01,9.61016e+01,1.01266e+02,1.06775e+02,1.12638e+02,1.18866e+02,1.25465e+02,1.32441e+02,1.39796e+02,1.47531e+02,1.55644e+02,1.64128e+02,1.72978e+02,1.82183e+02,1.91731e+02,2.01608e+02,2.11798e+02,2.22284e+02,2.33046e+02,2.44066e+02,2.55323e+02,2.66797e+02,2.78468e+02,2.90314e+02,3.02318e+02,3.14461e+02,3.26725e+02,3.39094e+02,3.51552e+02,3.64086e+02,3.76684e+02,3.89334e+02,4.02026e+02,4.14752e+02,4.27504e+02,4.40275e+02,4.53061e+02,4.65856e+02,4.78658e+02,4.91463e+02,5.04270e+02,5.17078e+02
0.93256,0.00000e+00,0.00000e+00,0.00000e+00,0.00000e+00,0.00000e+00,0.00000e+00,0.00000e+00,0.00000e+00,0.00000e+00,0.00000e+00,0.00000e+00,0.00000e+00,0.00000e+00,0.00000e+00,0.00000e+00,0.00000e+00,0.00000e+00,0.00000e+00,0.00000e+00,0.00000e+00,0.00000e+00,0.00000e+00,0.00000e+00,0.00000e+00,0.00000e+00,0.00000e+00,0.00000e+00,0.00000e+00,0.00000e+00,0.00000e+00,0.00000e+00,0.00000e+00,0.00000e+00,0.00000e+00,5.94221e-04,1.99454e-02,6.80854e-02,1.48734e-01,2.60937e-01,4.00512e-01,5.61296e-01,7.36197e-01,9.18053e-01,1.10031e+00,1.27755e+00,1.44583e+00,1.60292e+00,1.74842e+00,1.88374e+00,2.01206e+00,2.13813e+00,2.26808e+00,2.40918e+00,2.56950e+00,2.75765e+00,2.98238e+00,3.25232e+00,3.57558e+00,3.95949e+00,4.41027e+00,4.93282e+00,5.53047e+00,6.20486e+00,6.95581e+00,7.78130e+00,8.67751e+00,9.63887e+00,1.06583e+01,1.17273e+01,1.28365e+01,1.39755e+01,1.51336e+01,1.63001e+01,1.74645e+01,1.86169e+01,1.97483e+01,2.08511e+01,2.19188e+01,2.29466e+01,2.39315e+01,2.48722e+01,2.57688e+01,2.66233e+01,2.74391e+01,2.82210e+01,2.89747e+01,2.97070e+01,3.04253e+01,3.11375e+01,3.18515e+01,3.25755e+01,3.33174e+01,3.40849e+01,3.48854e+01,3.57256e+01,3.66121e+01,3.75508e+01,3.85473e+01,3.96069e+01,4.07348e+01,4.19362e+01,4.32162e+01,4.45804e+01,4.60348e+01,4.75859e+01,4.92411e+01,5.10086e+01,5.28975e+01,5.49180e+01,5.70814e+01,5.94002e+01,6.18877e+01,6.45583e+01,6.74274e+01,7.05109e+01,7.38255e+01,7.73879e+01,8.12153e+01,8.53243e+01,8.97315e+01,9.44524e+01,9.95017e+01,1.04893e+02,1.10637e+02,1.16745e+02,1.23224e+02,1.30080e+02,1.37316e+02,1.44933e+02,1.52928e+02,1.61298e+02,1.70034e+02,1.79129e+02,1.88569e+02,1.98340e+02,2.08428e+02,2.18813e+02,2.29479e+02,2.40404e+02,2.51569e+02,2.62953e+02,2.74536e+02,2.86298e+02,2.98218e+02,3.10280e+02,3.22463e+02,3.34753e+02,3.47134e+02,3.59592e+02,3.72114e+02,3.84689e+02,3.97307e+02,4.09959e+02,4.22637e+02,4.35335e+02,4.48047e+02,4.60770e+02,4.73499e+02,4.86232e+02,4.98966e+02,5.11701e+02
0.96586,0.00000e+00,0.00000e+00,0.00000e+00,0.00000e+00,0.00000e+00,0.00000e+00,0.00000e+00,0.00000e+00,0.00000e+00,0.00000e+00,0.00000e+00,0.00000e+00,0.00000e+00,0.00000e+00,0.00000e+00,0.00000e+00,0.00000e+00,0.00000e+00,0.00000e+00,0.00000e+00,0.00000e+00,0.00000e+00,0.00000e+00,0.00000e+00,0.00000e+00,0.00000e+00,0.00000e+00,0.00000e+00,0.00000e+00,0.00000e+00,0.00000e+00,0.00000e+00,0.00000e+00,0.00000e+00,1.25459e-03,2.17596e-02,7.14150e-02,1.53829e-01,2.67942e-01,4.09469e-01,5.72136e-01,7.48734e-01,9.31980e-01,1.11520e+00,1.29286e+00,1.46091e+00,1.61706e+00,1.76085e+00,1.89369e+00,2.01879e+00,2.14100e+00,2.26660e+00,2.40304e+00,2.55865e+00,2.74232e+00,2.96315e+00,3.23012e+00,3.55171e+00,3.93562e+00,4.38842e+00,4.91532e+00,5.51990e+00,6.20398e+00,6.96744e+00,7.80825e+00,8.72244e+00,9.70421e+00,1.07461e+01,1.18391e+01,1.29732e+01,1.41375e+01,1.53204e+01,1.65106e+01,1.76967e+01,1.88682e+01,2.00154e+01,2.11300e+01,2.22052e+01,2.32359e+01,2.42188e+01,2.51525e+01,2.60375e+01,2.68759e+01,2.76717e+01,2.84300e+01,2.91574e+01,2.98611e+01,3.05494e+01,3.12306e+01,3.19136e+01,3.26070e+01,3.33191e+01,3.40582e+01,3.48316e+01,3.56464e+01,3.65091e+01,3.74255e+01,3.84011e+01,3.94408e+01,4.05495e+01,4.17318e+01,4.29923e+01,4.43360e+01,4.57683e+01,4.72950e+01,4.89229e+01,5.06594e+01,5.25130e+01,5.44935e+01,5.66115e+01,5.88790e+01,6.13091e+01,6.39160e+01,6.67147e+01,6.97214e+01,7.29526e+01,7.64255e+01,8.01574e+01,8.41657e+01,8.84672e+01,9.30784e+01,9.80146e+01,1.03290e+02,1.08917e+02,1.14907e+02,1.21269e+02,1.28008e+02,1.35129e+02,1.42634e+02,1.50521e+02,1.58787e+02,1.67425e+02,1.76425e+02,1.85777e+02,1.95467e+02,2.05479e+02,2.15795e+02,2.26397e+02,2.37265e+02,2.48378e+02,2.59716e+02,2.71258e+02,2.82984e+02,2.94873e+02,3.06906e+02,3.19065e+02,3.31334e+02,3.43696e+02,3.56137e+02,3.68645e+02,3.81207e+02,3.93813e+02,4.06455e+02,4.19123e+02,4.31812e+02,4.44516e+02,4.57231e+02,4.69951e+02,4.82676e+02,4.95403e+02,5.08130e+02
0.99917,0.00000e+00,0.00000e+00,0.00000e+00,0.00000e+00,0.00000e+00,0.00000e+00,0.00000e+00,0.00000e+00,0.00000e+00,0.00000e+00,0.00000e+00,0.00000e+00,0.00000e+00,0.00000e+00,0.00000e+00,0.00000e+00,0.00000e+00,0.00000e+00,0.00000e+00,0.00000e+00,0.00000e+00,0.00000e+00,0.00000e+00,0.00000e+00,0.00000e+00,0.00000e+00,0.00000e+00,0.00000e+00,0.00000e+00,0.00000e+00,0.00000e+00,0.00000e+00,0.00000e+00,0.00000e+00,2.65437e-03,2.53472e-02,7.75054e-02,1.62384e-01,2.78673e-01,4.21920e-01,5.85755e-01,7.62931e-01,9.46166e-01,1.12882e+00,1.30542e+00,1.47198e+00,1.62630e+00,1.76801e+00,1.89861e+00,2.02143e+00,2.14140e+00,2.26493e+00,2.39959e+00,2.55386e+00,2.73674e+00,2.95751e+00,3.22527e+00,3.54868e+00,3.93557e+00,4.39266e+00,4.92528e+00,5.53711e+00,6.23002e+00,7.00394e+00,7.85682e+00,8.78462e+00,9.78140e+00,1.08395e+01,1.19498e+01,1.31018e+01,1.42843e+01,1.54855e+01,1.66933e+01,1.78961e+01,1.90829e+01,2.02434e+01,2.13688e+01,2.24520e+01,2.34875e+01,2.44716e+01,2.54027e+01,2.62811e+01,2.71090e+01,2.78901e+01,2.86300e+01,2.93354e+01,3.00140e+01,3.06743e+01,3.13254e+01,3.19765e+01,3.26367e+01,3.33152e+01,3.40204e+01,3.47604e+01,3.55425e+01,3.63735e+01,3.72594e+01,3.82057e+01,3.92174e+01,4.02990e+01,4.14548e+01,4.26892e+01,4.40066e+01,4.54117e+01,4.69100e+01,4.85074e+01,5.02109e+01,5.20285e+01,5.39691e+01,5.60432e+01,5.82622e+01,6.06388e+01,6.31871e+01,6.59220e+01,6.88595e+01,7.20165e+01,7.54102e+01,7.90582e+01,8.29784e+01,8.71881e+01,9.17043e+01,9.65429e+01,1.01719e+02,1.07245e+02,1.13134e+02,1.19394e+02,1.26032e+02,1.33054e+02,1.40461e+02,1.48253e+02,1.56426e+02,1.64974e+02,1.73888e+02,1.83157e+02,1.92767e+02,2.02702e+02,2.12945e+02,2.23478e+02,2.34279e+02,2.45329e+02,2.56606e+02,2.68090e+02,2.79759e+02,2.91594e+02,3.03575e+02,3.15684e+02,3.27904e+02,3.40218e+02,3.52613e+02,3.65075e+02,3.77592e+02,3.90153e+02,4.02751e+02,4.15375e+02,4.28021e+02,4.40681e+02,4.53352e+02,4.66030e+02,4.78712e+02,4.91396e+02,5.04080e+02
