E_minus_Ef_eV,totalDOS,pdos_Al,pdos_Mg
-15.000,0.00000,0.00000,0.00000
-14.980,0.00000,0.00000,0.00000
-14.960,0.00000,0.00000,0.00000
-14.940,0.00000,0.00000,0.00000
-14.920,0.00000,0.00000,0.00000
-14.900,0.00000,0.00000,0.00000
-14.880,0.00000,0.00000,0.00000
-14.860,0.00000,0.00000,0.00000
-14.840,0.00000,0.00000,0.00000
-14.820,0.00000,0.00000,0.00000
-14.800,0.00000,0.00000,0.00000
-14.780,0.00000,0.00000,0.00000
-14.760,0.00000,0.00000,0.00000
-14.740,0.00000,0.00000,0.00000
-14.720,0.00000,0.00000,0.00000
-14.700,0.00000,0.00000,0.00000
-14.680,0.00000,0.00000,0.00000
-14.660,0.00000,0.00000,0.00000
-14.640,0.00000,0.00000,0.00000
-14.620,0.00000,0.00000,0.00000
-14.600,0.00000,0.00000,0.00000
-14.580,0.00000,0.00000,0.00000
-14.560,0.00000,0.00000,0.00000
-14.540,0.00000,0.00000,0.00000
-14.520,0.00000,0.00000,0.00000
-14.500,0.00000,0.00000,0.00000
-14.480,0.00000,0.00000,0.00000
-14.460,0.00000,0.00000,0.00000
-14.440,0.00000,0.00000,0.00000
-14.420,0.00000,0.00000,0.00000
-14.400,0.00000,0.00000,0.00000
-14.380,0.00000,0.00000,0.00000
-14.360,0.00000,0.00000,0.00000
-14.340,0.00000,0.00000,0.00000
-14.320,0.00000,0.00000,0.00000
-14.300,0.00000,0.00000,0.00000
-14.280,0.00000,0.00000,0.00000
-14.260,0.00000,0.00000,0.00000
-14.240,0.00000,0.00000,0.00000
-14.220,0.00000,0.00000,0.00000
-14.200,0.00000,0.00000,0.00000
-14.180,0.00000,0.00000,0.00000
-14.160,0.00000,0.00000,0.00000
-14.140,0.00000,0.00000,0.00000
-14.120,0.00000,0.00000,0.00000
-14.100,0.00000,0.00000,0.00000
-14.080,0.00000,0.00000,0.00000
-14.060,0.00000,0.00000,0.00000
-14.040,0.00000,0.00000,0.00000
-14.020,0.00000,0.00000,0.00000
-14.000,0.00000,0.00000,0.00000
-13.980,0.00000,0.00000,0.00000
-13.960,0.00000,0.00000,0.00000
-13.940,0.00000,0.00000,0.00000
-13.920,0.00000,0.00000,0.00000
-13.900,0.00000,0.00000,0.00000
-13.880,0.00000,0.00000,0.00000
-13.860,0.00000,0.00000,0.00000
-13.840,0.00000,0.00000,0.00000
-13.820,0.00000,0.00000,0.00000
-13.800,0.00000,0.00000,0.00000
-13.780,0.00000,0.00000,0.00000
-13.760,0.00000,0.00000,0.00000
-13.740,0.00000,0.00000,0.00000
-13.720,0.00000,0.00000,0.00000
-13.700,0.00000,0.00000,0.00000
-13.680,0.00000,0.00000,0.00000
-13.660,0.00000,0.00000,0.00000
-13.640,0.00000,0.00000,0.00000
-13.620,0.00000,0.00000,0.00000
-13.600,0.00000,0.00000,0.00000
-13.580,0.00000,0.00000,0.00000
-13.560,0.00000,0.00000,0.00000
-13.540,0.00000,0.00000,0.00000
-13.520,0.00000,0.00000,0.00000
-13.500,0.00000,0.00000,0.00000
-13.480,0.00000,0.00000,0.00000
-13.460,0.00000,0.00000,0.00000
-13.440,0.00000,0.00000,0.00000
-13.420,0.00000,0.00000,0.00000
-13.400,0.00000,0.00000,0.00000
-13.380,0.00000,0.00000,0.00000
-13.360,0.00000,0.00000,0.00000
-13.340,0.00000,0.00000,0.00000
-13.320,0.00000,0.00000,0.00000
-13.300,0.00000,0.00000,0.00000
-13.280,0.00000,0.00000,0.00000
-13.260,0.00000,0.00000,0.00000
-13.240,0.00000,0.00000,0.00000
-13.220,0.00000,0.00000,0.00000
-13.200,0.00000,0.00000,0.00000
-13.180,0.00000,0.00000,0.00000
-13.160,0.00000,0.00000,0.00000
-13.140,0.00000,0.00000,0.00000
-13.120,0.00000,0.00000,0.00000
-13.100,0.00000,0.00000,0.00000
-13.080,0.00000,0.00000,0.00000
-13.060,0.00000,0.00000,0.00000
-13.040,0.00000,0.00000,0.00000
-13.020,0.00000,0.00000,0.00000
-13.000,0.00000,0.00000,0.00000
-12.980,0.00000,0.00000,0.00000
-12.960,0.00000,0.00000,0.00000
-12.940,0.00000,0.00000,0.00000
-12.920,0.00000,0.00000,0.00000
-12.900,0.00000,0.00000,0.00000
-12.880,0.00000,0.00000,0.00000
-12.860,0.00000,0.00000,0.00000
-12.840,0.00000,0.00000,0.00000
-12.820,0.00000,0.00000,0.00000
-12.800,0.00000,0.00000,0.00000
-12.780,0.00000,0.00000,0.00000
-12.760,0.00000,0.00000,0.00000
-12.740,0.00000,0.00000,0.00000
-12.720,0.00000,0.00000,0.00000
-12.700,0.00000,0.00000,0.00000
-12.680,0.00000,0.00000,0.00000
-12.660,0.00000,0.00000,0.00000
-12.640,0.00000,0.00000,0.00000
-12.620,0.00000,0.00000,0.00000
-12.600,0.00000,0.00000,0.00000
-12.580,0.00000,0.00000,0.00000
-12.560,0.00000,0.00000,0.00000
-12.540,0.00000,0.00000,0.00000
-12.520,0.00000,0.00000,0.00000
-12.500,0.00000,0.00000,0.00000
-12.480,0.00000,0.00000,0.00000
-12.460,0.00000,0.00000,0.00000
-12.440,0.00000,0.00000,0.00000
-12.420,0.00000,0.00000,0.00000
-12.400,0.00000,0.00000,0.00000
-12.380,0.00000,0.00000,0.00000
-12.360,0.00000,0.00000,0.00000
-12.340,0.00000,0.00000,0.00000
-12.320,0.00000,0.00000,0.00000
-12.300,0.00000,0.00000,0.00000
-12.280,0.00000,0.00000,0.00000
-12.260,0.00000,0.00000,0.00000
-12.240,0.00000,0.00000,0.00000
-12.220,0.00000,0.00000,0.00000
-12.200,0.00000,0.00000,0.00000
-12.180,0.00000,0.00000,0.00000
-12.160,0.00000,0.00000,0.00000
-12.140,0.00000,0.00000,0.00000
-12.120,0.00000,0.00000,0.00000
-12.100,0.00000,0.00000,0.00000
-12.080,0.00000,0.00000,0.00000
-12.060,0.00000,0.00000,0.00000
-12.040,0.00000,0.00000,0.00000
-12.020,0.00000,0.00000,0.00000
-12.000,0.00000,0.00000,0.00000
-11.980,0.00000,0.00000,0.00000
-11.960,0.00000,0.00000,0.00000
-11.940,0.00000,0.00000,0.00000
-11.920,0.00000,0.00000,0.00000
-11.900,0.00000,0.00000,0.00000
-11.880,0.00000,0.00000,0.00000
-11.860,0.00000,0.00000,0.00000
-11.840,0.00000,0.00000,0.00000
-11.820,0.00000,0.00000,0.00000
-11.800,0.00000,0.00000,0.00000
-11.780,0.00000,0.00000,0.00000
-11.760,0.00000,0.00000,0.00000
-11.740,0.00000,0.00000,0.00000
-11.720,0.00000,0.00000,0.00000
-11.700,0.00000,0.00000,0.00000
-11.680,0.00000,0.00000,0.00000
-11.660,0.00000,0.00000,0.00000
-11.640,0.00000,0.00000,0.00000
-11.620,0.00000,0.00000,0.00000
-11.600,0.00000,0.00000,0.00000
-11.580,0.00000,0.00000,0.00000
-11.560,0.00000,0.00000,0.00000
-11.540,0.00000,0.00000,0.00000
-11.520,0.00000,0.00000,0.00000
-11.500,0.00000,0.00000,0.00000
-11.480,0.00000,0.00000,0.00000
-11.460,0.00000,0.00000,0.00000
-11.440,0.00000,0.00000,0.00000
-11.420,0.00000,0.00000,0.00000
-11.400,0.00000,0.00000,0.00000
-11.380,0.00000,0.00000,0.00000
-11.360,0.00000,0.00000,0.00000
-11.340,0.00000,0.00000,0.00000
-11.320,0.00000,0.00000,0.00000
-11.300,0.00000,0.00000,0.00000
-11.280,0.00000,0.00000,0.00000
-11.260,0.00000,0.00000,0.00000
-11.240,0.00000,0.00000,0.00000
-11.220,0.00000,0.00000,0.00000
-11.200,0.00000,0.00000,0.00000
-11.180,0.00000,0.00000,0.00000
-11.160,0.00000,0.00000,0.00000
-11.140,0.00000,0.00000,0.00000
-11.120,0.00000,0.00000,0.00000
-11.100,0.00000,0.00000,0.00000
-11.080,0.00000,0.00000,0.00000
-11.060,0.00000,0.00000,0.00000
-11.040,0.00000,0.00000,0.00000
-11.020,0.00000,0.00000,0.00000
-11.000,0.00000,0.00000,0.00000
-10.980,0.00000,0.00000,0.00000
-10.960,0.00000,0.00000,0.00000
-10.940,0.00000,0.00000,0.00000
-10.920,0.00000,0.00000,0.00000
-10.900,0.00000,0.00000,0.00000
-10.880,0.00000,0.00000,0.00000
-10.860,0.00000,0.00000,0.00000
-10.840,0.00000,0.00000,0.00000
-10.820,0.00000,0.00000,0.00000
-10.800,0.00000,0.00000,0.00000
-10.780,0.00000,0.00000,0.00000
-10.760,0.00000,0.00000,0.00000
-10.740,0.00000,0.00000,0.00000
-10.720,0.00000,0.00000,0.00000
-10.700,0.00000,0.00000,0.00000
-10.680,0.00000,0.00000,0.00000
-10.660,0.00000,0.00000,0.00000
-10.640,0.00000,0.00000,0.00000
-10.620,0.00000,0.00000,0.00000
-10.600,0.00000,0.00000,0.00000
-10.580,0.00000,0.00000,0.00000
-10.560,0.00000,0.00000,0.00000
-10.540,0.00000,0.00000,0.00000
-10.520,0.00000,0.00000,0.00000
-10.500,0.00000,0.00000,0.00000
-10.480,0.00000,0.00000,0.00000
-10.460,0.00000,0.00000,0.00000
-10.440,0.00000,0.00000,0.00000
-10.420,0.00000,0.00000,0.00000
-10.400,0.00000,0.00000,0.00000
-10.380,0.00000,0.00000,0.00000
-10.360,0.00000,0.00000,0.00000
-10.340,0.00000,0.00000,0.00000
-10.320,0.00000,0.00000,0.00000
-10.300,0.00000,0.00000,0.00000
-10.280,0.00000,0.00000,0.00000
-10.260,0.00000,0.00000,0.00000
-10.240,0.00000,0.00000,0.00000
-10.220,0.00000,0.00000,0.00000
-10.200,0.00000,0.00000,0.00000
-10.180,0.00000,0.00000,0.00000
-10.160,0.00000,0.00000,0.00000
-10.140,0.00000,0.00000,0.00000
-10.120,0.00000,0.00000,0.00000
-10.100,0.00000,0.00000,0.00000
-10.080,0.00000,0.00000,0.00000
-10.060,0.00000,0.00000,0.00000
-10.040,0.00000,0.00000,0.00000
-10.020,0.00000,0.00000,0.00000
-10.000,0.00000,0.00000,0.00000
-9.980,0.00000,0.00000,0.00000
-9.960,0.00000,0.00000,0.00000
-9.940,0.00000,0.00000,0.00000
-9.920,0.00000,0.00000,0.00000
-9.900,0.00000,0.00000,0.00000
-9.880,0.00000,0.00000,0.00000
-9.860,0.00000,0.00000,0.00000
-9.840,0.00000,0.00000,0.00000
-9.820,0.00000,0.00000,0.00000
-9.800,0.00000,0.00000,0.00000
-9.780,0.00000,0.00000,0.00000
-9.760,0.00000,0.00000,0.00000
-9.740,0.00000,0.00000,0.00000
-9.720,0.00000,0.00000,0.00000
-9.700,0.00000,0.00000,0.00000
-9.680,0.00000,0.00000,0.00000
-9.660,0.00000,0.00000,0.00000
-9.640,0.00000,0.00000,0.00000
-9.620,0.00000,0.00000,0.00000
-9.600,0.00000,0.00000,0.00000
-9.580,0.00000,0.00000,0.00000
-9.560,0.00000,0.00000,0.00000
-9.540,0.00000,0.00000,0.00000
-9.520,0.00000,0.00000,0.00000
-9.500,0.00000,0.00000,0.00000
-9.480,0.00000,0.00000,0.00000
-9.460,0.00000,0.00000,0.00000
-9.440,0.00000,0.00000,0.00000
-9.420,0.00000,0.00000,0.00000
-9.400,0.00000,0.00000,0.00000
-9.380,0.00000,0.00000,0.00000
-9.360,0.00000,0.00000,0.00000
-9.340,0.00000,0.00000,0.00000
-9.320,0.00000,0.00000,0.00000
-9.300,0.00000,0.00000,0.00000
-9.280,0.00000,0.00000,0.00000
-9.260,0.00000,0.00000,0.00000
-9.240,0.00000,0.00000,0.00000
-9.220,0.00000,0.00000,0.00000
-9.200,0.00000,0.00000,0.00000
-9.180,0.00000,0.00000,0.00000
-9.160,0.00000,0.00000,0.00000
-9.140,0.00000,0.00000,0.00000
-9.120,0.00000,0.00000,0.00000
-9.100,0.00000,0.00000,0.00000
-9.080,0.00000,0.00000,0.00000
-9.060,0.00000,0.00000,0.00000
-9.040,0.00000,0.00000,0.00000
-9.020,0.00000,0.00000,0.00000
-9.000,0.00000,0.00000,0.00000
-8.980,0.00000,0.00000,0.00000
-8.960,0.00000,0.00000,0.00000
-8.940,0.00000,0.00000,0.00000
-8.920,0.00000,0.00000,0.00000
-8.900,0.00000,0.00000,0.00000
-8.880,0.00000,0.00000,0.00000
-8.860,0.00000,0.00000,0.00000
-8.840,0.00000,0.00000,0.00000
-8.820,0.00000,0.00000,0.00000
-8.800,0.00000,0.00000,0.00000
-8.780,0.00000,0.00000,0.00000
-8.760,0.00000,0.00000,0.00000
-8.740,0.00000,0.00000,0.00000
-8.720,0.00000,0.00000,0.00000
-8.700,0.00000,0.00000,0.00000
-8.680,0.00000,0.00000,0.00000
-8.660,0.00000,0.00000,0.00000
-8.640,0.00000,0.00000,0.00000
-8.620,0.00000,0.00000,0.00000
-8.600,0.00000,0.00000,0.00000
-8.580,0.00000,0.00000,0.00000
-8.560,0.00000,0.00000,0.00000
-8.540,0.00000,0.00000,0.00000
-8.520,0.00000,0.00000,0.00000
-8.500,0.00001,0.00000,0.00000
-8.480,0.00002,0.00001,0.00001
-8.460,0.00004,0.00002,0.00002
-8.440,0.00010,0.00005,0.00006
-8.420,0.00025,0.00011,0.00014
-8.400,0.00060,0.00026,0.00034
-8.380,0.00136,0.00059,0.00077
-8.360,0.00297,0.00130,0.00167
-8.340,0.00622,0.00271,0.00350
-8.320,0.01251,0.00546,0.00705
-8.300,0.02418,0.01055,0.01363
-8.280,0.04492,0.01960,0.02531
-8.260,0.08015,0.03498,0.04517
-8.240,0.13741,0.05997,0.07744
-8.220,0.22636,0.09879,0.12757
-8.200,0.35824,0.15635,0.20190
-8.180,0.54475,0.23774,0.30701
-8.160,0.79586,0.34734,0.44853
-8.140,1.11715,0.48755,0.62960
-8.120,1.50665,0.65754,0.84911
-8.100,1.95227,0.85202,1.10025
-8.080,2.43051,1.06074,1.36978
-8.060,2.90725,1.26880,1.63846
-8.040,3.34115,1.45816,1.88299
-8.020,3.68925,1.61008,2.07917
-8.000,3.91388,1.70812,2.20577
-7.980,3.98938,1.74107,2.24832
-7.960,3.90690,1.70507,2.20183
-7.940,3.67609,1.60434,2.07175
-7.920,3.32330,1.45037,1.87293
-7.900,2.88656,1.25977,1.62679
-7.880,2.40890,1.05131,1.35760
-7.860,1.93146,0.84294,1.08853
-7.840,1.48793,0.64937,0.83856
-7.820,1.10130,0.48064,0.62067
-7.800,0.78317,0.34180,0.44138
-7.780,0.53510,0.23353,0.30157
-7.760,0.35128,0.15331,0.19797
-7.740,0.22156,0.09669,0.12486
-7.720,0.13427,0.05860,0.07567
-7.700,0.07818,0.03412,0.04406
-7.680,0.04376,0.01911,0.02466
-7.660,0.02359,0.01032,0.01328
-7.640,0.01236,0.00545,0.00692
-7.620,0.00656,0.00298,0.00358
-7.600,0.00411,0.00206,0.00204
-7.580,0.00402,0.00235,0.00167
-7.560,0.00627,0.00399,0.00228
-7.540,0.01176,0.00767,0.00409
-7.520,0.02247,0.01474,0.00773
-7.500,0.04178,0.02744,0.01434
-7.480,0.07487,0.04918,0.02569
-7.460,0.12896,0.08471,0.04425
-7.440,0.21346,0.14022,0.07324
-7.420,0.33949,0.22301,0.11648
-7.400,0.51874,0.34076,0.17798
-7.380,0.76158,0.50028,0.26130
-7.360,1.07424,0.70567,0.36858
-7.340,1.45587,0.95635,0.49951
-7.320,1.89570,1.24528,0.65042
-7.300,2.37165,1.55793,0.81372
-7.280,2.85082,1.87268,0.97813
-7.260,3.29258,2.16286,1.12972
-7.240,3.65406,2.40027,1.25379
-7.220,3.89707,2.55980,1.33727
-7.200,3.99516,2.62401,1.37115
-7.180,3.93914,2.58676,1.35238
-7.160,3.73980,2.45492,1.28488
-7.140,3.42741,2.24803,1.17938
-7.120,3.04817,1.99587,1.05231
-7.100,2.65893,1.73490,0.92402
-7.080,2.32134,1.50443,0.81692
-7.060,2.09669,1.34306,0.75363
-7.040,2.04149,1.28595,0.75554
-7.020,2.20381,1.36253,0.84128
-7.000,2.61925,1.59414,1.02511
-6.980,3.30588,1.99125,1.31463
-6.960,4.25828,2.55001,1.70827
-6.940,5.44164,3.24900,2.19264
-6.920,6.78805,4.04707,2.74098
-6.900,8.19749,4.88407,3.31343
-6.880,9.54533,5.68531,3.86003
-6.860,10.69669,6.37013,4.32656
-6.840,11.52576,6.86339,4.66237
-6.820,11.93639,7.10769,4.82870
-6.800,11.87891,7.07336,4.80555
-6.780,11.35906,6.76376,4.59529
-6.760,10.43648,6.21440,4.22208
-6.740,9.21318,5.48598,3.72719
-6.720,7.81482,4.65335,3.16147
-6.700,6.36980,3.79295,2.57685
-6.680,4.99068,2.97185,2.01883
-6.660,3.76186,2.24035,1.52151
-6.640,2.73508,1.62936,1.10572
-6.620,1.93226,1.15211,0.78015
-6.600,1.35378,0.80914,0.54464
-6.580,0.98935,0.59481,0.39454
-6.560,0.82908,0.50396,0.32511
-6.540,0.87228,0.53724,0.33504
-6.520,1.13291,0.70432,0.42859
-6.500,1.64020,1.02424,0.61596
-6.480,2.43427,1.52268,0.91159
-6.460,3.55641,2.22582,1.33060
-6.440,5.03501,3.15164,1.88337
-6.420,6.86906,4.29962,2.56943
-6.400,9.01282,5.64117,3.37165
-6.380,11.36585,7.11342,4.25242
-6.360,13.77280,8.61916,5.15364
-6.340,16.03571,10.03450,6.00121
-6.320,17.93860,11.22433,6.71427
-6.300,19.28053,12.06301,7.21753
-6.280,19.91034,12.45603,7.45431
-6.260,19.75453,12.35754,7.39699
-6.240,18.83143,11.77912,7.05231
-6.220,17.24758,10.78753,6.46005
-6.200,15.17753,9.49204,5.68549
-6.180,12.83224,8.02463,4.80761
-6.160,10.42395,6.51807,3.90588
-6.140,8.13561,5.08677,3.04885
-6.120,6.10066,3.81410,2.28656
-6.100,4.39533,2.74771,1.64762
-6.080,3.04253,1.90186,1.14067
-6.060,2.02351,1.26478,0.75873
-6.040,1.29302,0.80812,0.48490
-6.020,0.79384,0.49610,0.29774
-6.000,0.46826,0.29261,0.17565
-5.980,0.26538,0.16582,0.09956
-5.960,0.14451,0.09029,0.05422
-5.940,0.07560,0.04723,0.02837
-5.920,0.03800,0.02374,0.01426
-5.900,0.01835,0.01146,0.00689
-5.880,0.00852,0.00532,0.00320
-5.860,0.00380,0.00237,0.00143
-5.840,0.00163,0.00102,0.00061
-5.820,0.00067,0.00042,0.00025
-5.800,0.00028,0.00017,0.00010
-5.780,0.00013,0.00008,0.00005
-5.760,0.00012,0.00008,0.00004
-5.740,0.00022,0.00014,0.00008
-5.720,0.00052,0.00033,0.00019
-5.700,0.00122,0.00078,0.00044
-5.680,0.00276,0.00176,0.00100
-5.660,0.00601,0.00384,0.00218
-5.640,0.01259,0.00803,0.00455
-5.620,0.02530,0.01615,0.00916
-5.600,0.04888,0.03119,0.01769
-5.580,0.09073,0.05790,0.03283
-5.560,0.16180,0.10325,0.05854
-5.540,0.27722,0.17691,0.10031
-5.520,0.45637,0.29124,0.16513
-5.500,0.72185,0.46066,0.26120
-5.480,1.09707,0.70010,0.39697
-5.460,1.60209,1.02237,0.57971
-5.440,2.24817,1.43465,0.81352
-5.420,3.03185,1.93471,1.09714
-5.400,3.93001,2.50776,1.42226
-5.380,4.89785,3.12515,1.77271
-5.360,5.87142,3.74596,2.12546
-5.340,6.77539,4.32195,2.45344
-5.320,7.53569,4.80557,2.73011
-5.300,8.09451,5.15955,2.93496
-5.280,8.42459,5.36592,3.05867
-5.260,8.53867,5.43213,3.10654
-5.240,8.49100,5.39200,3.09900
-5.220,8.36950,5.30083,3.06867
-5.200,8.27924,5.22498,3.05426
-5.180,8.32049,5.22809,3.09240
-5.160,8.56598,5.35672,3.20925
-5.140,9.04277,5.62894,3.41383
-5.120,9.72333,6.02861,3.69472
-5.100,10.52853,6.50714,4.02139
-5.080,11.34284,6.99273,4.35011
-5.060,12.03875,7.40538,4.63337
-5.040,12.50554,7.67448,4.83106
-5.020,12.67561,7.75493,4.92068
-5.000,12.54237,7.63814,4.90423
-4.980,12.16514,7.35506,4.81008
-4.960,11.65939,6.97059,4.68880
-4.940,11.17425,6.57040,4.60385
-4.920,10.86179,6.24316,4.61863
-4.900,10.84464,6.06204,4.78260
-4.880,11.18847,6.06930,5.11917
-4.860,11.88535,6.26725,5.61810
-4.840,12.85132,6.61721,6.23412
-4.820,13.93913,7.04666,6.89247
-4.800,14.96366,7.46303,7.50063
-4.780,15.73531,7.77115,7.96416
-4.760,16.09432,7.89093,8.20339
-4.740,15.93910,7.77149,8.16761
-4.720,15.24264,7.39912,7.84352
-4.700,14.05423,6.79780,7.25643
-4.680,12.48700,6.02278,6.46422
-4.660,10.69539,5.14949,5.54591
-4.640,8.84858,4.26066,4.58792
-4.620,7.10616,3.43491,3.67125
-4.600,5.60069,2.73860,2.86209
-4.580,4.42909,2.22208,2.20701
-4.560,3.65194,1.91931,1.73263
-4.540,3.29759,1.84944,1.44814
-4.520,3.36752,2.01844,1.34908
-4.500,3.83975,2.41917,1.42058
-4.480,4.66920,3.02986,1.63934
-4.460,5.78583,3.81152,1.97431
-4.440,7.09300,4.70613,2.38687
-4.420,8.46932,5.63765,2.83168
-4.400,9.77628,6.51715,3.25913
-4.380,10.87228,7.25249,3.61979
-4.360,11.63121,7.76098,3.87023
-4.340,11.96165,7.98249,3.97916
-4.320,11.82194,7.88971,3.93224
-4.300,11.22694,7.49280,3.73414
-4.280,10.24435,6.83709,3.40725
-4.260,8.98155,5.99431,2.98724
-4.240,7.56606,5.04957,2.51648
-4.220,6.12456,4.08742,2.03714
-4.200,4.76512,3.17992,1.58520
-4.180,3.56601,2.37919,1.18682
-4.160,2.57225,1.71509,0.85716
-4.140,1.79922,1.19749,0.60173
-4.120,1.24094,0.82179,0.41915
-4.100,0.88047,0.57573,0.30475
-4.080,0.69982,0.44584,0.25398
-4.060,0.68755,0.42251,0.26504
-4.040,0.84309,0.50283,0.34026
-4.020,1.17715,0.69096,0.48619
-4.000,1.70829,0.99620,0.71210
-3.980,2.45611,1.42892,1.02718
-3.960,3.43194,1.99512,1.43682
-3.940,4.62889,2.69046,1.93843
-3.920,6.01339,3.49534,2.51805
-3.900,7.52091,4.37232,3.14859
-3.880,9.05801,5.26724,3.79078
-3.860,10.51149,6.11454,4.39696
-3.840,11.76360,6.84601,4.91759
-3.820,12.71028,7.40135,5.30893
-3.800,13.27806,7.73792,5.54014
-3.780,13.43532,7.83721,5.59810
-3.760,13.19498,7.70641,5.48857
-3.740,12.60827,7.37470,5.23357
-3.720,11.75180,6.88587,4.86593
-3.700,10.71189,6.28925,4.42264
-3.680,9.57047,5.63164,3.93882
-3.660,8.39573,4.95207,3.44366
-3.640,7.23877,4.27988,2.95889
-3.620,6.13510,3.63570,2.49940
-3.600,5.10919,3.03412,2.07507
-3.580,4.17927,2.48633,1.69294
-3.560,3.36094,2.00218,1.35876
-3.540,2.66870,1.59090,1.07780
-3.520,2.11575,1.26085,0.85490
-3.500,1.71282,1.01880,0.69402
-3.480,1.46659,0.86893,0.59766
-3.460,1.37822,0.81202,0.56619
-3.440,1.44194,0.84467,0.59727
-3.420,1.64371,0.95854,0.68516
-3.400,1.96010,1.13985,0.82025
-3.380,2.35788,1.36907,0.98881
-3.360,2.79487,1.62154,1.17333
-3.340,3.22271,1.86906,1.35365
-3.320,3.59164,2.08265,1.50899
-3.300,3.85670,2.23616,1.62054
-3.280,3.98421,2.31000,1.67421
-3.260,3.95702,2.29419,1.66283
-3.240,3.77701,2.18981,1.58721
-3.220,3.46432,2.00850,1.45581
-3.200,3.05311,1.77010,1.28301
-3.180,2.58530,1.49887,1.08643
-3.160,2.10338,1.21947,0.88391
-3.140,1.64426,0.95329,0.69097
-3.120,1.23510,0.71608,0.51902
-3.100,0.89174,0.51703,0.37471
-3.080,0.61944,0.35920,0.26025
-3.060,0.41540,0.24098,0.17442
-3.040,0.27202,0.15803,0.11400
-3.020,0.18042,0.10526,0.07516
-3.000,0.13356,0.07876,0.05479
-2.980,0.12896,0.07733,0.05163
-2.960,0.17108,0.10393,0.06715
-2.940,0.27327,0.16685,0.10642
-2.920,0.45943,0.28070,0.17872
-2.900,0.76474,0.46681,0.29792
-2.880,1.23488,0.75270,0.48218
-2.860,1.92266,1.16997,0.75269
-2.840,2.88133,1.75021,1.13112
-2.820,4.15433,2.51874,1.63559
-2.800,5.76223,3.48677,2.27546
-2.780,7.68911,4.64330,3.04581
-2.760,9.87178,5.94888,3.92290
-2.740,12.19554,7.33340,4.86214
-2.720,14.49997,8.69999,5.79998
-2.700,16.59583,9.93555,6.66028
-2.680,18.29166,10.92696,7.36471
-2.660,19.42527,11.57997,7.84529
-2.640,19.89326,11.83668,8.05657
-2.620,19.67159,11.68733,7.98426
-2.600,18.82162,11.17334,7.64828
-2.580,17.48015,10.38084,7.09931
-2.560,15.83561,9.42611,6.40950
-2.540,14.09662,8.43672,5.65990
-2.520,12.46009,7.53271,4.92738
-2.500,11.08572,6.81173,4.27399
-2.480,10.08102,6.34026,3.74076
-2.460,9.49743,6.15119,3.34624
-2.440,9.33503,6.24593,3.08910
-2.420,9.55204,6.59889,2.95315
-2.400,10.07493,7.16203,2.91290
-2.380,10.80708,7.86870,2.93838
-2.360,11.63584,8.63723,2.99861
-2.340,12.43951,9.37565,3.06386
-2.320,13.09641,9.98913,3.10728
-2.300,13.49687,10.39032,3.10655
-2.280,13.55755,10.51175,3.04580
-2.260,13.23502,10.31753,2.91748
-2.240,12.53523,9.81140,2.72383
-2.220,11.51566,9.03855,2.47711
-2.200,10.27883,8.08037,2.19846
-2.180,8.95844,7.04303,1.91541
-2.160,7.70094,6.04256,1.65837
-2.140,6.64663,5.18951,1.45712
-2.120,5.91354,4.57606,1.33748
-2.100,5.58618,4.26718,1.31900
-2.080,5.70960,4.29624,1.41337
-2.060,6.28799,4.66434,1.62366
-2.040,7.28642,5.34234,1.94408
-2.020,8.63472,6.27467,2.36004
-2.000,10.23283,7.38426,2.84857
-1.980,11.95759,8.57844,3.37915
-1.960,13.67102,9.75583,3.91519
-1.940,15.23041,10.81415,4.41627
-1.920,16.49993,11.65861,4.84132
-1.900,17.36303,12.21051,5.15253
-1.880,17.73464,12.41500,5.31964
-1.860,17.57118,12.24719,5.32399
-1.840,16.87676,11.71525,5.16152
-1.820,15.70383,10.85987,4.84396
-1.800,14.14741,9.74956,4.39785
-1.780,12.33342,8.47218,3.86125
-1.760,10.40305,7.12415,3.27890
-1.740,8.49601,5.79926,2.69675
-1.720,6.73608,4.57897,2.15711
-1.700,5.22154,3.52628,1.69526
-1.680,4.02165,2.68349,1.33816
-1.660,3.17870,2.07384,1.10486
-1.640,2.71345,1.70540,1.00804
-1.620,2.63127,1.57569,1.05558
-1.600,2.92628,1.67504,1.25124
-1.580,3.58199,1.98793,1.59406
-1.560,4.56870,2.49218,2.07653
-1.540,5.83927,3.15690,2.68237
-1.520,7.32608,3.94087,3.38521
-1.500,8.94196,4.79286,4.14911
-1.480,10.58675,5.65501,4.93173
-1.460,12.15891,6.46911,5.68981
-1.440,13.56985,7.18437,6.38548
-1.420,14.75653,7.76469,6.99184
-1.400,15.68850,8.19293,7.49557
-1.380,16.36666,8.47083,7.89583
-1.360,16.81432,8.61460,8.19972
-1.340,17.06361,8.64766,8.41594
-1.320,17.14255,8.59328,8.54928
-1.300,17.06759,8.46954,8.59805
-1.280,16.84392,8.28827,8.55564
-1.260,16.47292,8.05747,8.41546
-1.240,15.96272,7.78571,8.17701
-1.220,15.33645,7.48588,7.85058
-1.200,14.63424,7.17615,7.45809
-1.180,13.90720,6.87753,7.02968
-1.160,13.20594,6.60894,6.59699
-1.140,12.56803,6.38220,6.18584
-1.120,12.01008,6.19923,5.81085
-1.100,11.52790,6.05351,5.47438
-1.080,11.10525,5.93538,5.16987
-1.060,10.72828,5.83981,4.88847
-1.040,10.39995,5.77346,4.62648
-1.020,10.14886,5.75812,4.39074
-1.000,10.02828,5.82831,4.19997
-0.980,10.10427,6.02294,4.08133
-0.960,10.43574,6.37272,4.06302
-0.940,11.05165,6.88676,4.16490
-0.920,11.93224,7.54229,4.38995
-0.900,13.00021,8.28123,4.71898
-0.880,14.12556,9.01531,5.11026
-0.860,15.14401,9.63938,5.50463
-0.840,15.88529,10.05022,5.83507
-0.820,16.20487,10.16626,6.03860
-0.800,16.01152,9.94361,6.06791
-0.780,15.28423,9.38433,5.89991
-0.760,14.07501,8.53540,5.53961
-0.740,12.49786,7.47933,5.01853
-0.720,10.70799,6.31921,4.38878
-0.700,8.87727,5.16278,3.71449
-0.680,7.17262,4.10935,3.06327
-0.660,5.74182,3.24230,2.49952
-0.640,4.70867,2.62777,2.08090
-0.620,4.17604,2.31822,1.85782
-0.600,4.23254,2.35786,1.87468
-0.580,4.95775,2.78676,2.17099
-0.560,6.42105,3.64067,2.78038
-0.540,8.67162,4.94511,3.72651
-0.520,11.72012,6.70439,5.01573
-0.500,15.51653,8.88815,6.62838
-0.480,19.93142,11.41999,8.51143
-0.460,24.74860,14.17283,10.57576
-0.440,29.67574,16.97502,12.70073
-0.420,34.37476,19.62818,14.74658
-0.400,38.50769,21.93452,16.57316
-0.380,41.78832,23.72757,18.06075
-0.360,44.02657,24.89882,19.12775
-0.340,45.15380,25.41304,19.74076
-0.320,45.22271,25.30827,19.91445
-0.300,44.38295,24.68105,19.70190
-0.280,42.84090,23.66174,19.17916
-0.260,40.81631,22.38753,18.42878
-0.240,38.50768,20.98047,17.52721
-0.220,36.07370,19.53523,16.53847
-0.200,33.63129,18.11735,15.51393
-0.180,31.26492,16.76913,14.49579
-0.160,29.03939,15.51835,13.52104
-0.140,27.00892,14.38565,12.62327
-0.120,25.21964,13.38793,11.83171
-0.100,23.70627,12.53806,11.16821
-0.080,22.48716,11.84276,10.64440
-0.060,21.56157,11.30084,10.26073
-0.040,20.91118,10.90326,10.00792
-0.020,20.50484,10.63484,9.87001
-0.000,20.30340,10.47614,9.82726
0.020,20.26148,10.40426,9.85721
0.040,20.32512,10.39162,9.93349
0.060,20.42707,10.40381,10.02326
0.080,20.48375,10.39821,10.08554
0.100,20.39805,10.32558,10.07247
0.120,20.07013,10.13548,9.93465
0.140,19.41486,9.78502,9.62985
0.160,18.38133,9.24857,9.13276
0.180,16.96815,8.52537,8.44278
0.200,15.22951,7.64247,7.58704
0.220,13.26962,6.65190,6.61772
0.240,11.22693,5.62272,5.60421
0.260,9.25267,4.63031,4.62236
0.280,7.48920,3.74551,3.74369
0.300,6.05294,3.02618,3.02676
0.320,5.02431,2.51217,2.51213
0.340,4.44465,2.22384,2.22081
0.360,4.31802,2.16298,2.15504
0.380,4.61524,2.31480,2.30044
0.400,5.27820,2.65012,2.62808
0.420,6.22362,3.12715,3.09647
0.440,7.34709,3.69350,3.65358
0.460,8.52849,4.28889,4.23961
0.480,9.64043,4.84929,4.79115
0.500,10.55967,5.31274,5.24693
0.520,11.18069,5.62615,5.55454
0.540,11.42903,5.75200,5.67703
0.560,11.27133,5.67344,5.59789
0.580,10.71970,5.39648,5.32322
0.600,9.82874,4.94856,4.88018
0.620,8.68578,4.37360,4.31218
0.640,7.39629,3.72469,3.67160
0.660,6.06759,3.05587,3.01172
0.680,4.79427,2.41479,2.37948
0.700,3.64790,1.83753,1.81036
0.720,2.67234,1.34622,1.32612
0.740,1.88445,0.94938,0.93508
0.760,1.27894,0.64436,0.63458
0.780,0.83524,0.42084,0.41440
0.800,0.52481,0.26444,0.26037
0.820,0.31722,0.15985,0.15738
0.840,0.18444,0.09294,0.09150
0.860,0.10316,0.05199,0.05117
0.880,0.05555,0.02799,0.02756
0.900,0.02892,0.01457,0.01435
0.920,0.01487,0.00749,0.00739
0.940,0.00829,0.00416,0.00413
0.960,0.00652,0.00324,0.00328
0.980,0.00884,0.00435,0.00449
1.000,0.01634,0.00802,0.00832
1.020,0.03224,0.01581,0.01643
1.040,0.06254,0.03066,0.03188
1.060,0.11709,0.05740,0.05969
1.080,0.21085,0.10336,0.10749
1.100,0.36487,0.17885,0.18601
1.120,0.60665,0.29737,0.30928
1.140,0.96911,0.47505,0.49406
1.160,1.48744,0.72913,0.75831
1.180,2.19348,1.07522,1.11825
1.200,3.10782,1.52342,1.58439
1.220,4.23063,2.07382,2.15681
1.240,5.53329,2.71237,2.82092
1.260,6.95328,3.40844,3.54484
1.280,8.39507,4.11519,4.27988
1.300,9.73840,4.77368,4.96472
1.320,10.85372,5.32040,5.53332
1.340,11.62245,5.69723,5.92523
1.360,11.95764,5.86153,6.09611
1.380,11.82010,5.79411,6.02599
1.400,11.22600,5.50289,5.72311
1.420,10.24371,5.02138,5.22233
1.440,8.98086,4.40234,4.57852
1.460,7.56496,3.70828,3.85668
1.480,6.12242,3.00116,3.12126
1.500,4.76067,2.33364,2.42703
1.520,3.55665,1.74344,1.81321
1.540,2.55296,1.25144,1.30152
1.560,1.76065,0.86306,0.89759
1.580,1.16662,0.57187,0.59476
1.600,0.74271,0.36407,0.37864
1.620,0.45429,0.22269,0.23160
1.640,0.26698,0.13087,0.13611
1.660,0.15075,0.07389,0.07685
1.680,0.08178,0.04009,0.04169
1.700,0.04263,0.02089,0.02173
1.720,0.02135,0.01046,0.01088
1.740,0.01027,0.00503,0.00524
1.760,0.00475,0.00233,0.00242
1.780,0.00211,0.00104,0.00108
1.800,0.00091,0.00045,0.00046
1.820,0.00040,0.00020,0.00020
1.840,0.00023,0.00012,0.00011
1.860,0.00027,0.00015,0.00012
1.880,0.00055,0.00032,0.00023
1.900,0.00125,0.00073,0.00052
1.920,0.00282,0.00166,0.00117
1.940,0.00614,0.00360,0.00253
1.960,0.01283,0.00753,0.00530
1.980,0.02577,0.01513,0.01064
2.000,0.04976,0.02921,0.02055
2.020,0.09232,0.05419,0.03813
2.040,0.16461,0.09661,0.06800
2.060,0.28208,0.16554,0.11654
2.080,0.46468,0.27266,0.19202
2.100,0.73601,0.43179,0.30422
2.120,1.12121,0.65760,0.46361
2.140,1.64342,0.96353,0.67988
2.160,2.31915,1.35906,0.96009
2.180,3.15350,1.84682,1.30668
2.200,4.13658,2.42048,1.71610
2.220,5.24278,3.06435,2.17843
2.240,6.43399,3.75527,2.67872
2.260,7.66672,4.46694,3.19978
2.280,8.90200,5.17597,3.72603
2.300,10.11511,5.86793,4.24718
2.320,11.30192,6.54151,4.76040
2.340,12.47897,7.20902,5.26995
2.360,13.67645,7.89252,5.78393
2.380,14.92518,8.61623,6.30894
2.400,16.24166,9.39732,6.84434
2.420,17.61567,10.23769,7.37798
2.440,19.00456,11.11927,7.88529
2.460,20.33616,12.00413,8.33203
2.480,21.51923,12.83903,8.68020
2.500,22.45808,13.56299,8.89509
2.520,23.06706,14.11551,8.95155
2.540,23.28142,14.44370,8.83771
2.560,23.06306,14.50747,8.55558
2.580,22.40182,14.28271,8.11911
2.600,21.31410,13.76326,7.55084
2.620,19.84076,12.96216,6.87861
2.640,18.04489,11.91196,6.13293
2.660,16.00904,10.66363,5.34541
2.680,13.83078,9.28315,4.54762
2.700,11.61539,7.84554,3.76985
2.720,9.46637,6.42685,3.03951
2.740,7.47483,5.09560,2.37923
2.760,5.71038,3.90535,1.80503
2.780,4.21538,2.89016,1.32522
2.800,3.00387,2.06350,0.94037
2.820,2.06498,1.42060,0.64438
2.840,1.36965,0.94323,0.42642
2.860,0.87878,0.60552,0.27325
2.880,0.55125,0.37971,0.17154
2.900,0.35060,0.24084,0.10976
2.920,0.25004,0.17036,0.07969
2.940,0.23601,0.15857,0.07744
2.960,0.31077,0.20643,0.10434
2.980,0.49446,0.32691,0.16755
3.000,0.82642,0.54596,0.28046
3.020,1.36522,0.90256,0.46266
3.040,2.18596,1.44711,0.73885
3.060,3.37340,2.23707,1.13633
3.080,5.00961,3.32895,1.68066
3.100,7.15632,4.76677,2.38955
3.120,9.83341,6.56770,3.26571
3.140,12.99778,8.70773,4.29006
3.160,16.52812,11.11074,5.41738
3.180,20.22147,13.64523,6.57624
3.200,23.80638,16.13172,7.67465
3.220,26.97346,18.36203,8.61143
3.240,29.41985,20.12823,9.29162
3.260,30.89938,21.25638,9.64300
3.280,31.26747,21.63777,9.62970
3.300,30.51044,21.25070,9.25974
3.320,28.75157,20.16713,8.58444
3.340,26.23251,18.54272,7.68979
3.360,23.27410,16.59206,6.68204
3.380,20.22521,14.55457,5.67064
3.400,17.41035,12.65799,4.75236
3.420,15.08569,11.08637,3.99933
3.440,13.41019,9.95754,3.45265
3.460,12.43490,9.31319,3.12170
3.480,12.10985,9.12165,2.98819
3.500,12.30547,9.29184,3.01362
3.520,12.84374,9.69535,3.14839
3.540,13.53370,10.19259,3.34111
3.560,14.20575,10.65878,3.54697
3.580,14.73949,11.00542,3.73407
3.600,15.08120,11.19401,3.88720
3.620,15.24833,11.23976,4.00857
3.640,15.32084,11.20509,4.11576
3.660,15.42103,11.18409,4.23694
3.680,15.68538,11.28101,4.40437
3.700,16.23321,11.58647,4.64674
3.720,17.13738,12.15554,4.98184
3.740,18.40227,12.99181,5.41046
3.760,19.95395,14.04077,5.91318
3.780,21.64560,15.19460,6.45100
3.800,23.27917,16.30866,6.97050
3.820,24.64083,17.22758,7.41325
3.840,25.54404,17.81620,7.72784
3.860,25.87126,17.98903,7.88224
3.880,25.60433,17.73123,7.87310
3.900,24.83494,17.10546,7.72948
3.920,23.75119,16.24205,7.50914
3.940,22.60141,15.31378,7.28763
3.960,21.64273,14.50052,7.14221
3.980,21.08545,13.95143,7.13402
4.000,21.04606,13.75312,7.29294
4.020,21.51970,13.91113,7.60857
4.040,22.37866,14.34851,8.03014
4.060,23.39757,14.92217,8.47541
4.080,24.29963,15.45278,8.84685
4.100,24.81356,15.76193,9.05162
4.120,24.72862,15.70799,9.02064
4.140,23.93566,15.21306,8.72260
4.160,22.44597,14.27589,8.17008
4.180,20.38547,12.96871,7.41676
4.200,17.96739,11.42036,6.54703
4.220,15.45133,9.79043,5.66091
4.240,13.09839,8.24086,4.85753
4.260,11.13109,6.91063,4.22046
4.280,9.70443,5.89760,3.80683
4.300,8.89025,5.24907,3.64118
4.320,8.67495,4.96087,3.71408
4.340,8.96827,4.98333,3.98494
4.360,9.62072,5.23234,4.38838
4.380,10.44711,5.60356,4.84354
4.400,11.25362,5.98827,5.26535
4.420,11.86543,6.28888,5.57655
4.440,12.15129,6.43257,5.71873
4.460,12.04122,6.38076,5.66047
4.480,11.53432,6.13324,5.40107
4.500,10.69517,5.72603,4.96914
4.520,9.63995,5.22350,4.41645
4.540,8.51520,4.70656,3.80864
4.560,7.47394,4.25900,3.21494
4.580,6.65357,3.95479,2.69877
4.600,6.15898,3.84805,2.31093
4.620,6.05279,3.96710,2.08569
4.640,6.35254,4.31297,2.03956
4.660,7.03399,4.86197,2.17203
4.680,8.03874,5.57144,2.46730
4.700,9.28449,6.38771,2.89677
4.720,10.67655,7.25460,3.42196
4.740,12.11893,8.12094,3.99799
4.760,13.52349,8.94580,4.57769
4.780,14.81600,9.70007,5.11593
4.800,15.93822,10.36451,5.57371
4.820,16.84619,10.92493,5.92126
4.840,17.50626,11.36654,6.13972
4.860,17.89111,11.66983,6.22128
4.880,17.97816,11.80987,6.16829
4.900,17.75185,11.76015,5.99171
4.920,17.20947,11.49985,5.70962
4.940,16.36838,11.02249,5.34590
4.960,15.27133,10.34262,4.92871
4.980,13.98656,9.49794,4.48862
5.000,12.60123,8.54554,4.05569
5.020,11.20897,7.55289,3.65608
5.040,9.89447,6.58607,3.30839
5.060,8.71965,5.69858,3.02107
5.080,7.71539,4.92379,2.79159
5.100,6.88105,4.27295,2.60809
5.120,6.19200,3.73888,2.45312
5.140,5.61268,3.30382,2.30886
5.160,5.11184,2.94926,2.16258
5.180,4.67623,2.66510,2.01114
5.200,4.32011,2.45636,1.86375
5.220,4.08929,2.34648,1.74281
5.240,4.05987,2.37706,1.68281
5.260,4.33234,2.60439,1.72795
5.280,5.02202,3.09339,1.92864
5.300,6.24621,3.90928,2.33693
5.320,8.10834,5.10738,3.00096
5.340,10.67956,6.72163,3.95793
5.360,13.97897,8.75289,5.22608
5.380,17.95528,11.15895,6.79633
5.400,22.47414,13.84868,8.62547
5.420,27.31586,16.68285,10.63301
5.440,32.18725,19.48345,12.70380
5.460,36.74911,22.05155,14.69756
5.480,40.65654,24.19160,16.46494
5.500,43.60550,25.73810,17.86741
5.520,45.37605,26.57891,18.79714
5.540,45.86251,26.67024,19.19227
5.560,45.08359,26.03966,19.04393
5.580,43.17038,24.77676,18.39361
5.600,40.33634,23.01429,17.32206
5.620,36.83762,20.90468,15.93294
5.640,32.93389,18.59792,14.33597
5.660,28.85825,16.22515,12.63310
5.680,24.80047,13.89027,10.91020
5.700,20.90333,11.66900,9.23433
5.720,17.26796,9.61291,7.65505
5.740,13.96281,7.75524,6.20757
5.760,11.03175,6.11598,4.91577
5.780,8.49902,4.70495,3.79407
5.800,6.37121,3.52299,2.84823
5.820,4.63776,2.56219,2.07557
5.840,3.27196,1.80640,1.46556
5.860,2.23359,1.23249,1.00110
5.880,1.47334,0.81265,0.66069
5.900,0.93816,0.51729,0.42087
5.920,0.57654,0.31778,0.25876
5.940,0.34269,0.18875,0.15394
5.960,0.19910,0.10943,0.08967
5.980,0.11770,0.06421,0.05349
6.000,0.07986,0.04265,0.03721
6.020,0.07592,0.03911,0.03681
6.040,0.10474,0.05242,0.05232
6.060,0.17353,0.08571,0.08782
6.080,0.29797,0.14630,0.15168
6.100,0.50228,0.24560,0.25668
6.120,0.81850,0.39860,0.41990
6.140,1.28438,0.62261,0.66177
6.160,1.93904,0.93490,1.00414
6.180,2.81619,1.34917,1.46702
6.200,3.93532,1.87113,2.06419
6.220,5.29225,2.49395,2.79830
6.240,6.85112,3.19478,3.65634
6.260,8.54050,3.93360,4.60690
6.280,10.25570,4.65561,5.60009
6.300,11.86839,5.29728,6.57111
6.320,13.24261,5.79559,7.44702
6.340,14.25479,6.09868,8.15611
6.360,14.81348,6.17558,8.63790
6.380,14.87503,6.02288,8.85215
6.400,14.45174,5.66673,8.78502
6.420,13.61127,5.15985,8.45142
6.440,12.46810,4.57470,7.89341
6.460,11.16951,3.99442,7.17509
6.480,9.87899,3.50367,6.37533
6.500,8.76016,3.18079,5.57936
6.520,7.96274,3.09198,4.87076
6.540,7.61144,3.28711,4.32432
6.560,7.79726,3.79666,4.00060
6.580,8.57089,4.62895,3.94195
6.600,9.93762,5.76769,4.16993
6.620,11.85413,7.17025,4.68388
6.640,14.22790,8.76771,5.46019
6.660,16.92014,10.46755,6.45260
6.680,19.75345,12.15980,7.59365
6.700,22.52463,13.72643,8.79820
6.720,25.02270,15.05326,9.96945
6.740,27.05131,16.04316,11.00816
6.760,28.45327,16.62878,11.82449
6.780,29.13417,16.78299,12.35118
6.800,29.08073,16.52515,12.55557
6.820,28.36897,15.92153,12.44744
6.840,27.15849,15.07865,12.07984
6.860,25.67092,14.12941,11.54151
6.880,24.15428,13.21316,10.94111
6.900,22.83898,12.45268,10.38630
6.920,21.89416,11.93229,9.96187
6.940,21.39432,11.68201,9.71232
6.960,21.30493,11.67173,9.63320
6.980,21.49130,11.81760,9.67370
7.000,21.74973,11.99981,9.74992
7.020,21.85403,12.08828,9.76575
7.040,21.60664,11.97034,9.63630
7.060,20.88242,11.57418,9.30824
7.080,19.65545,10.88288,8.77258
7.100,18.00395,9.93649,8.06746
7.120,16.09377,8.82256,7.27120
7.140,14.14638,7.65846,6.48792
7.160,12.39945,6.57003,5.82942
7.180,11.06853,5.67154,5.39699
7.200,10.31634,5.05012,5.26622
7.220,10.23288,4.75651,5.47637
7.240,10.82708,4.80196,6.02511
7.260,12.02864,5.16016,6.86848
7.280,13.69821,5.77262,7.92559
7.300,15.64398,6.55631,9.08767
7.320,17.64315,7.41277,10.23038
7.340,19.46653,8.23814,11.22839
7.360,20.90422,8.93370,11.97051
7.380,21.78965,9.41638,12.37327
7.400,22.01908,9.62798,12.39110
7.420,21.56366,9.54215,12.02151
7.440,20.47240,9.16782,11.30459
7.460,18.86537,8.54837,10.31700
7.480,16.91829,7.75647,9.16182
7.500,14.84090,6.88520,7.95571
7.520,12.85211,6.03666,6.81545
7.540,11.15514,5.30966,5.84548
7.560,9.91545,4.78798,5.12747
7.580,9.24319,4.53037,4.71282
7.600,9.18169,4.56340,4.61829
7.620,9.70288,4.87780,4.82508
7.640,10.71059,5.42890,5.28170
7.660,12.05258,6.14172,5.91086
7.680,13.54107,6.92071,6.62036
7.700,14.98047,7.66333,7.31714
7.720,16.19838,8.27584,7.92254
7.740,17.07437,8.68834,8.38603
7.760,17.56004,8.86597,8.69407
7.780,17.68464,8.81332,8.87132
7.800,17.54388,8.57071,8.97317
7.820,17.27334,8.20298,9.07036
7.840,17.01247,7.78327,9.22920
7.860,16.86809,7.37609,9.49200
7.880,16.88655,7.02361,9.86294
7.900,17.04194,6.73872,10.30322
7.920,17.24296,6.50587,10.73709
7.940,17.35643,6.28899,11.06744
7.960,17.24081,6.04378,11.19703
7.980,16.78081,5.73067,11.05014
8.000,15.91429,5.32521,10.58908
8.020,14.64554,4.82358,9.82196
8.040,13.04287,4.24247,8.80040
8.060,11.22296,3.61442,7.60854
8.080,9.32745,2.98036,6.34709
8.100,7.49846,2.38191,5.11655
8.120,5.85884,1.85514,4.00369
8.140,4.50077,1.42718,3.07359
8.160,3.48313,1.11547,2.36766
8.180,2.83583,0.92934,1.90649
8.200,2.56776,0.87252,1.69524
8.220,2.67471,0.94557,1.72914
8.240,3.14490,1.14745,1.99745
8.260,3.96080,1.47594,2.48486
8.280,5.09765,1.92688,3.17078
8.300,6.52011,2.49293,4.02718
8.320,8.17876,3.16226,5.01650
8.340,10.00803,3.91756,6.09047
8.360,11.92639,4.73565,7.19075
8.380,13.83897,5.58752,8.25145
8.400,15.64218,6.43885,9.20333
8.420,17.22993,7.25074,9.97918
8.440,18.50092,7.98103,10.51989
8.460,19.36678,8.58625,10.78054
8.480,19.76054,9.02473,10.73581
8.500,19.64464,9.26069,10.38395
8.520,19.01718,9.26897,9.74822
8.540,17.91495,9.03962,8.87533
8.560,16.41170,8.58118,7.83052
8.580,14.61153,7.92175,6.68978
8.600,12.63800,7.10732,5.53068
8.620,10.62090,6.19753,4.42338
8.640,8.68337,5.25973,3.42363
8.660,6.93168,4.36271,2.56897
8.680,5.44939,3.57107,1.87831
8.700,4.29601,2.94137,1.35464
8.720,3.50924,2.51989,0.98934
8.740,3.10863,2.34159,0.76704
8.760,3.09862,2.42907,0.66954
8.780,3.46902,2.79071,0.67832
8.800,4.19271,3.41748,0.77523
8.820,5.22129,4.27925,0.94204
8.840,6.48120,5.32186,1.15934
8.860,7.87333,6.46744,1.40589
8.880,9.27850,7.61955,1.65895
8.900,10.57019,8.67414,1.89604
8.920,11.63292,9.53503,2.09789
8.940,12.38289,10.13107,2.25182
8.960,12.78540,10.43074,2.35466
8.980,12.86380,10.44977,2.41403
9.000,12.69622,10.24897,2.44726
9.020,12.39966,9.92172,2.47793
9.040,12.10427,9.57367,2.53060
9.060,11.92418,9.29929,2.62489
9.080,11.93198,9.16128,2.77069
9.100,12.14390,9.17808,2.96582
9.120,12.51964,9.32267,3.19697
9.140,12.97698,9.53282,3.44416
9.160,13.41752,9.73008,3.68745
9.180,13.75634,9.84211,3.91423
9.200,13.94770,9.82267,4.12503
9.220,13.99968,9.66389,4.33579
9.240,13.97403,9.39815,4.57588
9.260,13.97146,9.08960,4.88186
9.280,14.10677,8.81809,5.28868
9.300,14.48068,8.66036,5.82032
9.320,15.15564,8.67307,6.48257
9.340,16.14118,8.88183,7.25935
9.360,17.39112,9.27752,8.11359
9.380,18.81160,9.81981,8.99178
9.400,20.27660,10.44558,9.83102
9.420,21.64657,11.07987,10.56670
9.440,22.78671,11.64712,11.13960
9.460,23.58306,12.08129,11.50177
9.480,23.95564,12.33451,11.62113
9.500,23.86864,12.38361,11.48503
9.520,23.33675,12.23425,11.10250
9.540,22.42610,11.92127,10.50483
9.560,21.24777,11.50434,9.74343
9.580,19.94282,11.05831,8.88451
9.600,18.66012,10.65928,8.00084
9.620,17.53102,10.36905,7.16197
9.640,16.64710,10.22195,6.42514
9.660,16.04745,10.21803,5.82942
9.680,15.71992,10.32531,5.39461
9.700,15.61675,10.49140,5.12535
9.720,15.68042,10.66163,5.01879
9.740,15.87217,10.79892,5.07325
9.760,16.19402,10.89928,5.29474
9.780,16.69693,10.99831,5.69863
9.800,17.47171,11.16602,6.30569
9.820,18.62428,11.49104,7.13325
9.840,20.24173,12.05775,8.18398
9.860,22.35823,12.92232,9.43592
9.880,24.93006,14.09330,10.83676
9.900,27.82620,15.52156,12.30465
9.920,30.83720,17.10171,13.73550
9.940,33.69992,18.68459,15.01533
9.960,36.13289,20.09805,16.03484
9.980,37.87500,21.17198,16.70302
10.000,38.72061,21.76297,16.95764
10.020,38.54563,21.77453,16.77110
10.040,37.32167,21.16993,16.15175
10.060,35.11708,19.97585,15.14122
10.080,32.08576,18.27695,13.80881
10.100,28.44594,16.20230,12.24364
10.120,24.45209,13.90659,10.54549
10.140,20.36414,11.54918,8.81496
10.160,16.41853,9.27458,7.14395
10.180,12.80524,7.19761,5.60763
10.200,9.65396,5.39489,4.25907
10.220,7.03047,3.90339,3.12707
10.240,4.94245,2.72489,2.21757
10.260,3.35217,1.83443,1.51774
10.280,2.19234,1.19046,1.00187
10.300,1.38195,0.74445,0.63749
10.320,0.83933,0.44848,0.39085
10.340,0.49116,0.26025,0.23091
10.360,0.27722,0.14557,0.13165
10.380,0.15178,0.07880,0.07298
10.400,0.08262,0.04203,0.04059
10.420,0.04899,0.02374,0.02526
10.440,0.03946,0.01740,0.02205
10.460,0.05028,0.02048,0.02980
10.480,0.08473,0.03387,0.05086
10.500,0.15333,0.06196,0.09137
10.520,0.27493,0.11314,0.16179
10.540,0.47821,0.20067,0.27754
10.560,0.80282,0.34342,0.45940
10.580,1.29935,0.56629,0.73306
10.600,2.02690,0.89938,1.12752
10.620,3.04716,1.37553,1.67163
10.640,4.41467,2.02570,2.38897
10.660,6.16338,2.87224,3.29114
10.680,8.29146,3.92074,4.37073
10.700,10.74746,5.15206,5.59540
10.720,13.42177,6.51665,6.90512
10.740,16.14765,7.93359,8.21406
10.760,18.71430,9.29596,9.41834
10.780,20.89201,10.48315,10.40886
10.800,22.46606,11.37848,11.08758
10.820,23.27296,11.88906,11.38390
10.840,23.23108,11.96342,11.26767
10.860,22.35859,11.60294,10.75565
10.880,20.77395,10.86404,9.90991
10.900,18.67889,9.85050,8.82838
10.920,16.32752,8.69775,7.62977
10.940,13.98846,7.55243,6.43603
10.960,11.90736,6.55135,5.35601
10.980,10.27628,5.80348,4.47280
11.000,9.21389,5.37743,3.83646
11.020,8.75767,5.29539,3.46228
11.040,8.86767,5.53383,3.33384
11.060,9.43979,6.03001,3.40978
11.080,10.32656,6.69369,3.63287
11.100,11.36249,7.42222,3.94027
11.120,12.39086,8.11734,4.27352
11.140,13.28760,8.70064,4.58696
11.160,13.97786,9.12484,4.85302
11.180,14.44157,9.37816,5.06341
11.200,14.70624,9.48047,5.22578
11.220,14.82865,9.47213,5.35652
11.240,14.87024,9.39841,5.47183
11.260,14.87320,9.29398,5.57923
11.280,14.84435,9.17188,5.67246
11.300,14.75140,9.02031,5.73109
11.320,14.53271,8.80765,5.72506
11.340,14.11689,8.49402,5.62287
11.360,13.44594,8.04528,5.40065
11.380,12.49472,7.44515,5.04957
11.400,11.28115,6.70186,4.57929
11.420,9.86469,5.84790,4.01679
11.440,8.33474,4.93356,3.40118
11.460,6.79291,4.01674,2.77617
11.480,5.33476,3.15222,2.18254
11.500,4.03549,2.38320,1.65229
11.520,2.94251,1.73683,1.20568
11.540,2.07525,1.22397,0.85128
11.560,1.43086,0.84241,0.58845
11.580,0.99324,0.58208,0.41116
11.600,0.74300,0.43072,0.31228
11.620,0.66613,0.37891,0.28722
11.640,0.76010,0.42338,0.33672
11.660,1.03669,0.56852,0.46818
11.680,1.52126,0.82570,0.69556
11.700,2.24842,1.21062,1.03780
11.720,3.25449,1.73877,1.51572
11.740,4.56757,2.41984,2.14774
11.760,6.19641,3.25165,2.94477
11.780,8.12021,4.21516,3.90505
11.800,10.28149,5.27166,5.00983
11.820,12.58417,6.36333,6.22084
11.840,14.89804,7.41768,7.48036
11.860,17.06969,8.35539,8.71430
11.880,18.93864,9.10030,9.83834
11.900,20.35618,9.58972,10.76646
11.920,21.20391,9.78294,11.42097
11.940,21.40899,9.66645,11.74254
11.960,20.95370,9.25504,11.69867
11.980,19.87793,8.58884,11.28909
