step,t_ps,T_K,Epot_eV,Al_height_A,Al_slabMin_A,Al_nCl,Al_nO,Al_SiMin_A
0,0.000,322.8,-136947.344,9.098,10.352,2,0,5.825
50,0.050,383.7,-136948.875,9.070,10.381,2,0,5.928
100,0.100,388.8,-136949.156,9.109,10.370,2,0,5.705
150,0.150,377.4,-136949.188,9.012,10.246,2,0,5.863
200,0.200,376.0,-136949.234,9.083,10.347,2,0,5.863
250,0.250,362.5,-136949.062,9.228,10.467,2,0,5.718
300,0.300,345.2,-136948.516,9.387,10.640,2,0,5.533
350,0.350,348.2,-136948.844,9.608,10.862,2,0,5.459
400,0.400,349.6,-136949.328,9.692,10.951,2,0,5.338
450,0.450,352.5,-136949.812,9.827,11.137,2,0,5.385
500,0.500,365.7,-136950.641,9.983,11.335,2,0,5.385
550,0.550,314.6,-136949.641,9.951,11.352,2,0,5.492
600,0.600,334.8,-136950.219,9.971,11.378,2,0,5.570
650,0.650,321.6,-136949.312,10.061,11.400,2,0,5.410
700,0.700,315.3,-136949.844,9.977,11.324,2,0,5.365
750,0.750,327.3,-136950.734,10.077,11.346,2,0,5.214
800,0.800,333.2,-136950.578,10.025,11.320,2,0,5.424
850,0.850,301.4,-136950.219,9.933,11.243,2,0,5.526
900,0.900,315.8,-136950.719,9.878,11.175,2,0,5.537
950,0.950,319.1,-136951.047,9.816,11.124,2,0,5.655
1000,1.000,303.8,-136951.125,9.693,10.965,2,0,5.704
1050,1.050,295.8,-136950.781,9.683,10.967,2,0,5.718
1100,1.100,311.4,-136951.219,9.628,10.945,2,0,5.856
1150,1.150,311.6,-136950.812,9.655,10.946,2,0,5.696
1200,1.200,301.8,-136950.656,9.574,10.938,2,0,5.804
1250,1.250,302.3,-136951.047,9.564,10.894,2,0,5.779
1300,1.300,310.1,-136951.516,9.515,10.874,2,0,5.780
1350,1.350,299.1,-136950.844,9.493,10.852,2,0,5.831
1400,1.400,314.7,-136951.250,9.409,10.752,2,0,5.842
1450,1.450,296.8,-136950.969,9.433,10.737,2,0,5.558
1500,1.500,308.3,-136951.391,9.450,10.736,2,0,5.423
1550,1.550,297.9,-136951.594,9.354,10.658,2,0,5.481
1600,1.600,301.4,-136951.297,9.462,10.743,2,0,5.372
1650,1.650,307.6,-136951.844,9.432,10.690,2,0,5.329
1700,1.700,319.7,-136952.188,9.306,10.600,2,0,5.558
1750,1.750,287.6,-136951.234,9.417,10.681,2,0,5.496
1800,1.800,294.2,-136951.484,9.440,10.710,2,0,5.582
1850,1.850,295.6,-136951.469,9.449,10.727,2,0,5.571
1900,1.900,302.4,-136951.656,9.475,10.756,2,0,5.610
1950,1.950,321.8,-136951.891,9.415,10.742,2,0,5.808
2000,2.000,327.5,-136952.047,9.452,10.776,2,0,5.810
2050,2.050,306.7,-136951.656,9.444,10.866,2,0,5.895
2100,2.100,311.8,-136951.016,9.435,10.817,2,0,5.831
2150,2.150,310.6,-136951.297,9.471,10.845,2,0,5.754
2200,2.200,304.8,-136951.719,9.462,10.872,2,0,6.052
2250,2.250,298.9,-136951.344,9.479,10.830,2,0,6.126
2300,2.300,284.7,-136951.062,9.410,10.734,2,0,6.201
2350,2.350,320.2,-136952.156,9.492,10.813,2,0,6.185
2400,2.400,303.9,-136951.688,9.579,10.830,2,0,5.966
2450,2.450,285.3,-136951.469,9.518,10.747,2,0,6.048
2500,2.500,282.1,-136951.156,9.562,10.743,2,0,6.077
2550,2.550,295.1,-136951.625,9.370,10.551,2,0,6.255
2600,2.600,288.2,-136951.344,9.301,10.472,2,0,6.291
2650,2.650,302.2,-136951.812,9.349,10.624,2,0,6.551
2700,2.700,302.2,-136951.703,9.294,10.527,2,0,6.683
2750,2.750,281.3,-136951.281,9.306,10.500,2,0,6.702
2800,2.800,306.9,-136952.094,9.190,10.412,2,0,6.841
2850,2.850,280.5,-136950.891,9.111,10.316,2,0,6.975
2900,2.900,291.1,-136951.062,9.048,10.302,2,0,7.125
2950,2.950,286.8,-136951.297,8.945,10.224,2,0,7.077
3000,3.000,300.6,-136951.891,8.813,10.141,2,0,7.195
3050,3.050,308.5,-136952.188,8.865,10.187,2,0,7.212
3100,3.100,283.4,-136951.281,8.957,10.263,2,0,7.089
3150,3.150,292.7,-136951.438,8.975,10.281,2,0,7.096
3200,3.200,294.4,-136951.750,9.090,10.383,2,0,6.952
3250,3.250,298.2,-136951.750,9.056,10.346,2,0,6.979
3300,3.300,332.6,-136951.797,9.151,10.406,2,0,6.918
3350,3.350,308.4,-136950.938,9.312,10.549,2,0,6.870
3400,3.400,317.5,-136950.922,9.249,10.481,2,0,6.876
3450,3.450,325.0,-136951.516,9.280,10.547,2,0,6.866
3500,3.500,312.0,-136951.328,9.336,10.631,2,0,6.869
3550,3.550,313.3,-136951.359,9.281,10.628,2,0,6.867
3600,3.600,336.5,-136952.203,9.493,10.883,2,0,6.733
3650,3.650,313.4,-136951.641,9.558,10.973,2,0,6.665
3700,3.700,337.3,-136952.531,9.536,10.949,2,0,6.674
3750,3.750,303.9,-136951.812,9.499,10.922,2,0,6.719
3800,3.800,322.6,-136952.641,9.329,10.808,2,0,6.780
3850,3.850,281.7,-136952.344,9.293,10.717,2,0,6.656
3900,3.900,294.0,-136952.672,9.296,10.700,2,0,6.615
3950,3.950,269.3,-136952.359,9.298,10.757,2,0,6.675
4000,4.000,261.1,-136952.375,9.302,10.783,2,0,6.698
4050,4.050,290.2,-136953.031,9.266,10.793,2,0,6.742
4100,4.100,276.7,-136952.828,9.295,10.895,2,0,6.887
4150,4.150,289.3,-136952.453,9.270,10.834,2,0,6.715
4200,4.200,287.0,-136952.406,9.159,10.749,2,0,6.769
4250,4.250,273.3,-136952.125,9.135,10.755,2,0,6.702
4300,4.300,284.9,-136951.922,8.883,10.574,2,0,6.856
4350,4.350,298.0,-136952.109,8.960,10.600,2,0,6.817
4400,4.400,304.6,-136952.047,8.945,10.704,2,0,6.892
4450,4.450,300.9,-136951.656,8.964,10.715,2,0,6.976
4500,4.500,317.5,-136952.062,9.039,10.913,2,0,7.003
4550,4.550,306.0,-136951.938,9.072,11.146,2,0,7.292
4600,4.600,326.0,-136952.688,9.141,11.173,2,0,7.202
4650,4.650,294.8,-136952.219,9.169,11.290,2,0,7.308
4700,4.700,301.7,-136952.500,9.167,11.330,2,0,7.356
4750,4.750,282.8,-136952.062,9.089,11.236,2,0,7.368
4800,4.800,283.5,-136952.250,9.086,11.281,2,0,7.539
4850,4.850,299.3,-136952.734,8.966,11.130,2,0,7.524
4900,4.900,313.4,-136952.719,9.127,11.265,2,0,7.361
4950,4.950,306.8,-136952.906,9.184,11.417,2,0,7.427
5000,5.000,296.0,-136952.578,9.181,11.325,2,0,7.160
5000,5.000,296.0,-136952.578,9.181,11.325,2,0,7.160
5050,5.050,284.2,-136952.812,9.345,11.519,2,0,7.184
5100,5.100,277.7,-136952.281,9.312,11.460,2,0,7.008
5150,5.150,300.0,-136952.719,9.355,11.421,2,0,6.944
5200,5.200,298.4,-136952.359,9.378,11.448,2,0,6.988
5250,5.250,287.0,-136952.375,9.478,11.554,2,0,6.938
5300,5.300,320.8,-136953.516,9.526,11.629,2,0,6.923
5350,5.350,277.3,-136952.219,9.557,11.691,2,0,6.839
5400,5.400,289.1,-136952.328,9.735,11.906,2,0,6.682
5450,5.450,304.4,-136952.469,9.581,11.688,2,0,6.698
5500,5.500,323.9,-136952.797,9.489,11.481,2,0,6.678
5550,5.550,288.1,-136952.312,9.570,11.543,2,0,6.710
5600,5.600,298.2,-136952.703,9.632,11.485,2,0,6.273
5650,5.650,292.8,-136952.594,9.836,11.591,2,0,6.068
5700,5.700,280.1,-136952.125,9.894,11.680,2,0,6.065
5750,5.750,310.7,-136952.828,9.870,11.715,2,0,6.189
5800,5.800,310.8,-136952.172,9.758,11.616,2,0,6.276
5850,5.850,292.4,-136951.906,9.592,11.532,2,0,6.444
5900,5.900,312.9,-136952.484,9.541,11.501,2,0,6.503
5950,5.950,285.5,-136951.906,9.511,11.525,2,0,6.658
6000,6.000,303.4,-136952.469,9.605,11.636,2,0,6.711
6050,6.050,300.9,-136952.719,9.858,11.876,2,0,6.704
6100,6.100,299.6,-136952.656,9.883,11.920,2,0,6.734
6150,6.150,317.9,-136952.938,9.958,11.910,2,0,6.600
6200,6.200,306.8,-136952.500,10.046,12.007,2,0,6.491
6250,6.250,287.5,-136952.328,10.087,11.985,2,0,6.362
6300,6.300,319.2,-136953.312,10.137,12.047,2,0,6.429
6350,6.350,305.1,-136952.859,10.162,12.079,2,0,6.518
6400,6.400,307.8,-136952.672,10.201,12.047,2,0,6.415
6450,6.450,317.3,-136953.109,10.302,12.125,2,0,6.421
6500,6.500,310.0,-136952.781,10.319,12.110,2,0,6.365
6550,6.550,298.1,-136952.812,10.158,11.950,2,0,6.217
6600,6.600,281.7,-136952.188,10.071,11.860,2,0,6.252
6650,6.650,304.1,-136952.953,10.015,11.681,2,0,6.010
6700,6.700,297.4,-136952.969,9.996,11.669,2,0,6.020
6750,6.750,297.3,-136953.234,10.061,11.685,2,0,5.997
6800,6.800,275.5,-136952.547,9.902,11.497,2,0,6.049
6850,6.850,308.0,-136953.094,9.969,11.567,2,0,5.975
6900,6.900,308.7,-136952.922,9.998,11.669,2,0,6.050
6950,6.950,288.4,-136952.109,10.042,11.756,2,0,6.210
7000,7.000,313.3,-136952.781,10.242,12.042,2,0,6.301
7050,7.050,309.3,-136952.328,10.347,12.157,2,0,6.339
7100,7.100,302.5,-136952.469,10.372,12.206,2,0,6.356
7150,7.150,302.1,-136952.469,10.382,12.185,2,0,6.248
7200,7.200,298.4,-136952.484,10.428,12.165,2,0,6.117
7250,7.250,278.8,-136952.016,10.536,12.209,2,0,5.965
7300,7.300,307.6,-136952.844,10.563,12.210,2,0,5.929
7350,7.350,289.1,-136952.469,10.606,12.223,2,0,5.842
7400,7.400,287.9,-136952.531,10.552,12.204,2,0,5.849
7450,7.450,292.7,-136952.500,10.533,12.188,2,0,5.944
7500,7.500,305.7,-136952.688,10.466,12.165,2,0,6.029
7550,7.550,307.9,-136952.781,10.430,12.161,2,0,5.972
7600,7.600,285.6,-136952.594,10.358,12.141,2,0,6.075
7650,7.650,290.0,-136952.828,10.223,12.102,2,0,6.304
7700,7.700,290.9,-136953.156,10.223,12.092,2,0,6.327
7750,7.750,273.2,-136952.625,9.997,11.896,2,0,6.497
7800,7.800,284.0,-136952.938,9.935,11.782,2,0,6.373
7850,7.850,278.4,-136952.656,9.984,11.774,2,0,6.295
7900,7.900,307.7,-136953.344,9.863,11.593,2,0,6.302
7950,7.950,283.7,-136952.734,9.977,11.644,2,0,6.058
8000,8.000,319.8,-136953.562,9.930,11.643,2,0,6.044
8050,8.050,306.5,-136953.547,9.889,11.572,2,0,6.000
8100,8.100,286.7,-136952.703,9.840,11.567,2,0,6.041
8150,8.150,278.2,-136952.359,9.683,11.444,2,0,6.068
8200,8.200,296.0,-136952.984,9.754,11.531,2,0,5.977
8250,8.250,293.6,-136952.953,9.724,11.535,2,0,5.919
8300,8.300,287.8,-136952.734,9.668,11.462,2,0,5.862
8350,8.350,298.7,-136952.969,9.665,11.483,2,0,5.945
8400,8.400,306.9,-136953.359,9.371,11.286,2,0,6.221
8450,8.450,325.0,-136953.516,9.380,11.309,2,0,6.205
8500,8.500,298.4,-136953.125,9.247,11.308,2,0,6.434
8550,8.550,296.4,-136953.125,9.037,11.128,2,0,6.579
8600,8.600,286.9,-136952.938,9.066,11.111,2,0,6.532
8650,8.650,292.4,-136952.969,9.031,11.076,2,0,6.564
8700,8.700,286.4,-136952.500,9.011,10.980,2,0,6.480
8750,8.750,309.1,-136952.734,9.033,10.961,2,0,6.338
8800,8.800,297.0,-136952.453,9.070,10.959,2,0,6.154
8850,8.850,313.4,-136953.109,9.293,11.143,2,0,5.986
8900,8.900,309.1,-136953.031,9.146,11.020,2,0,6.156
8950,8.950,280.7,-136952.469,9.147,10.929,2,0,6.152
9000,9.000,275.1,-136952.500,9.100,10.926,2,0,6.216
9050,9.050,295.5,-136953.062,9.146,11.006,2,0,6.167
9100,9.100,286.7,-136952.906,9.301,11.202,2,0,6.107
9150,9.150,318.0,-136953.391,9.272,11.203,2,0,6.156
9200,9.200,298.3,-136952.703,9.425,11.280,2,0,6.073
9250,9.250,299.0,-136953.094,9.494,11.295,2,0,6.048
9300,9.300,294.5,-136953.203,9.523,11.250,2,0,5.984
9350,9.350,271.6,-136952.719,9.523,11.179,2,0,5.962
9400,9.400,267.0,-136952.453,9.526,11.221,2,0,6.076
9450,9.450,310.1,-136953.141,9.650,11.270,2,0,5.876
9500,9.500,319.2,-136953.344,9.746,11.357,2,0,5.751
9550,9.550,303.2,-136952.875,9.944,11.549,2,0,5.521
9600,9.600,299.7,-136952.828,9.884,11.501,2,0,5.619
9650,9.650,302.2,-136952.844,9.748,11.425,2,0,5.768
9700,9.700,303.1,-136952.891,9.670,11.444,2,0,5.861
9750,9.750,336.8,-136953.484,9.544,11.319,2,0,5.858
9800,9.800,316.3,-136953.078,9.567,11.382,2,0,5.858
9850,9.850,322.9,-136953.125,9.492,11.387,2,0,6.106
9900,9.900,307.4,-136953.031,9.467,11.342,2,0,6.176
9950,9.950,283.3,-136952.578,9.369,11.292,2,0,6.326
10000,10.000,309.0,-136953.078,9.234,11.137,2,0,6.363
10000,10.000,309.0,-136953.078,9.234,11.137,2,0,6.363
10050,10.050,327.5,-136953.859,9.204,11.076,2,0,6.218
10100,10.100,308.0,-136953.156,8.931,10.822,2,0,6.428
10150,10.150,299.2,-136952.859,8.795,10.647,2,0,6.559
10200,10.200,294.6,-136952.609,8.903,10.754,2,0,6.576
10250,10.250,297.6,-136952.781,9.055,10.889,2,0,6.489
10300,10.300,292.0,-136953.000,9.388,11.137,2,0,6.301
10350,10.350,308.0,-136952.938,9.585,11.397,2,0,6.142
10400,10.400,290.1,-136952.188,9.696,11.448,2,0,6.086
10450,10.450,340.9,-136953.078,9.589,11.327,2,0,6.106
10500,10.500,305.8,-136952.422,9.728,11.491,2,0,6.067
10550,10.550,312.6,-136952.531,9.624,11.398,2,0,6.283
10600,10.600,304.8,-136952.547,9.483,11.356,2,0,6.466
10650,10.650,315.9,-136953.141,9.303,11.260,2,0,6.716
10700,10.700,299.4,-136952.391,9.265,11.224,2,0,6.810
10750,10.750,284.0,-136952.406,9.156,11.107,2,0,7.038
10800,10.800,312.6,-136952.891,8.950,10.893,2,0,7.146
10850,10.850,304.6,-136952.125,9.119,10.981,2,0,6.800
10900,10.900,302.9,-136952.453,9.076,10.921,2,0,6.676
10950,10.950,284.1,-136951.516,9.169,10.966,2,0,6.448
11000,11.000,331.3,-136952.594,9.191,11.027,2,0,6.628
11050,11.050,304.0,-136952.281,9.015,10.942,2,0,6.784
11100,11.100,340.6,-136953.234,9.074,11.024,2,0,6.723
11150,11.150,296.5,-136952.109,8.953,10.980,2,0,6.946
11200,11.200,318.7,-136952.547,9.029,10.999,2,0,6.844
11250,11.250,326.7,-136952.969,8.927,10.990,2,0,7.010
11300,11.300,316.4,-136952.328,9.142,11.213,2,0,6.935
11350,11.350,324.6,-136952.562,9.202,11.276,2,0,7.002
11400,11.400,301.6,-136952.109,9.113,11.203,2,0,7.070
11450,11.450,318.0,-136953.109,9.262,11.290,2,0,6.895
11500,11.500,307.2,-136952.641,9.182,11.182,2,0,6.834
11550,11.550,301.0,-136952.375,9.048,11.037,2,0,6.766
11600,11.600,323.1,-136952.766,9.157,11.127,2,0,6.655
11650,11.650,298.2,-136952.031,9.097,11.064,2,0,6.613
11700,11.700,326.7,-136952.578,9.180,11.071,2,0,6.449
11750,11.750,319.6,-136952.266,9.292,11.184,2,0,6.482
11800,11.800,320.5,-136952.750,9.305,11.166,2,0,6.391
11850,11.850,334.1,-136953.125,9.282,11.068,2,0,6.406
11900,11.900,317.7,-136952.609,9.341,11.058,2,0,6.291
11950,11.950,315.8,-136952.984,9.459,11.137,2,0,6.345
12000,12.000,296.9,-136952.672,9.433,11.090,2,0,6.334
12050,12.050,326.5,-136953.344,9.611,11.262,2,0,6.356
12100,12.100,325.2,-136953.219,9.652,11.339,2,0,6.381
12150,12.150,329.9,-136953.016,9.557,11.247,2,0,6.392
12200,12.200,343.1,-136953.500,9.518,11.250,2,0,6.446
12250,12.250,332.7,-136952.641,9.413,11.268,2,0,6.580
12300,12.300,328.6,-136952.703,9.338,11.143,2,0,6.405
12350,12.350,311.9,-136952.406,9.360,11.183,2,0,6.328
12400,12.400,340.8,-136952.969,9.404,11.205,2,0,6.369
12450,12.450,319.9,-136952.609,9.399,11.149,2,0,6.336
12500,12.500,318.2,-136952.406,9.500,11.283,2,0,6.434
12550,12.550,307.3,-136952.297,9.626,11.390,2,0,6.344
12600,12.600,317.9,-136952.891,9.618,11.368,2,0,6.296
12650,12.650,320.3,-136953.094,9.562,11.320,2,0,6.331
12700,12.700,320.1,-136953.391,9.515,11.232,2,0,6.439
12750,12.750,311.8,-136952.984,9.422,11.167,2,0,6.435
12800,12.800,298.4,-136952.516,9.314,11.064,2,0,6.542
12850,12.850,298.7,-136952.547,9.338,11.020,2,0,6.497
12900,12.900,301.9,-136952.594,9.352,11.089,2,0,6.626
12950,12.950,308.4,-136952.359,9.446,11.132,2,0,6.626
13000,13.000,311.8,-136952.391,9.375,10.961,2,0,6.513
13050,13.050,318.1,-136952.938,9.422,11.016,2,0,6.479
13100,13.100,320.5,-136953.062,9.368,10.902,2,0,6.437
13150,13.150,293.8,-136952.391,9.171,10.669,2,0,6.416
13200,13.200,300.2,-136952.656,9.144,10.725,2,0,6.611
13250,13.250,289.3,-136952.672,9.190,10.658,2,0,6.381
13300,13.300,301.1,-136952.484,9.133,10.620,2,0,6.493
13350,13.350,287.7,-136952.312,9.182,10.702,2,0,6.575
13400,13.400,285.0,-136952.203,9.085,10.594,2,0,6.474
13450,13.450,298.2,-136952.453,8.912,10.486,2,0,6.630
13500,13.500,310.0,-136952.859,8.811,10.425,2,0,6.715
13550,13.550,307.1,-136952.734,8.758,10.295,2,0,6.752
13600,13.600,312.5,-136953.672,8.774,10.295,2,0,6.708
13650,13.650,319.0,-136953.969,8.726,10.274,2,0,6.769
13700,13.700,305.5,-136953.016,8.801,10.292,2,0,6.658
13750,13.750,297.3,-136952.734,8.856,10.295,2,0,6.469
13800,13.800,303.4,-136952.578,8.803,10.175,2,0,6.336
13850,13.850,302.2,-136953.016,8.841,10.150,2,0,6.364
13900,13.900,306.5,-136952.766,8.864,10.251,2,0,6.478
13950,13.950,322.0,-136953.156,8.906,10.265,2,0,6.526
14000,14.000,303.3,-136952.734,8.896,10.245,2,0,6.530
14050,14.050,297.4,-136952.891,8.882,10.296,2,0,6.691
14100,14.100,304.0,-136953.125,8.835,10.308,2,0,6.729
14150,14.150,281.3,-136953.000,8.794,10.303,2,0,6.733
14200,14.200,278.1,-136953.000,8.748,10.260,2,0,6.773
14250,14.250,292.2,-136953.359,8.746,10.215,2,0,6.731
14300,14.300,285.9,-136953.094,8.742,10.165,2,0,6.699
14350,14.350,297.9,-136953.766,8.715,10.113,2,0,6.656
14400,14.400,297.7,-136953.609,8.769,10.164,2,0,6.683
14450,14.450,275.4,-136953.531,8.685,10.121,2,0,6.721
14500,14.500,273.5,-136953.531,8.744,10.219,2,0,6.610
14550,14.550,288.5,-136953.188,8.780,10.287,2,0,6.481
14600,14.600,316.5,-136953.359,8.915,10.415,2,0,6.357
14650,14.650,290.5,-136952.859,9.068,10.579,2,0,6.301
14700,14.700,287.1,-136952.688,9.074,10.591,2,0,6.295
14750,14.750,314.0,-136953.672,9.143,10.608,2,0,6.269
14800,14.800,297.3,-136953.125,9.008,10.467,2,0,6.344
14850,14.850,324.0,-136953.688,9.022,10.450,2,0,6.326
14900,14.900,296.4,-136952.484,9.026,10.425,2,0,6.318
14950,14.950,324.2,-136953.359,8.986,10.375,2,0,6.375
15000,15.000,307.6,-136952.953,9.069,10.476,2,0,6.401
15000,15.000,307.6,-136952.953,9.069,10.476,2,0,6.401
15050,15.050,300.5,-136953.062,9.057,10.521,2,0,6.555
15100,15.100,288.6,-136953.000,9.208,10.635,2,0,6.392
15150,15.150,294.5,-136952.859,9.111,10.554,2,0,6.470
15200,15.200,311.8,-136953.391,9.156,10.530,2,0,6.414
15250,15.250,316.8,-136953.547,9.105,10.424,2,0,6.422
15300,15.300,326.2,-136953.312,9.085,10.400,2,0,6.359
15350,15.350,282.8,-136952.125,9.105,10.383,2,0,6.364
15400,15.400,294.1,-136952.922,8.964,10.288,2,0,6.581
15450,15.450,291.7,-136953.109,8.885,10.269,2,0,6.785
15500,15.500,281.9,-136952.859,8.860,10.238,2,0,6.764
15550,15.550,274.1,-136952.875,8.934,10.337,2,0,6.805
15600,15.600,284.5,-136953.016,9.087,10.492,2,0,6.645
15650,15.650,297.9,-136953.391,9.251,10.609,2,0,6.743
15700,15.700,302.1,-136953.234,9.234,10.611,2,0,6.799
15750,15.750,314.9,-136953.312,9.361,10.608,2,0,6.676
15800,15.800,287.3,-136952.844,9.394,10.592,2,0,6.523
15850,15.850,308.5,-136953.031,9.340,10.524,2,0,6.420
15900,15.900,312.1,-136953.047,9.323,10.471,2,0,6.380
15950,15.950,307.7,-136952.922,9.503,10.661,2,0,6.352
16000,16.000,291.3,-136953.047,9.488,10.662,2,0,6.455
16050,16.050,289.2,-136952.750,9.528,10.652,2,0,6.200
16100,16.100,303.9,-136952.859,9.410,10.639,2,0,6.473
16150,16.150,309.7,-136952.781,9.293,10.486,2,0,6.415
16200,16.200,331.7,-136953.234,9.210,10.402,2,0,6.448
16250,16.250,324.5,-136952.875,9.198,10.343,2,0,6.269
16300,16.300,314.9,-136952.969,9.247,10.365,2,0,6.063
16350,16.350,345.6,-136953.656,9.346,10.470,2,0,6.078
16400,16.400,299.9,-136952.391,9.424,10.574,2,0,6.060
16450,16.450,309.1,-136952.375,9.358,10.515,2,0,6.102
16500,16.500,310.1,-136952.172,9.251,10.413,2,0,6.184
16550,16.550,339.9,-136952.969,9.252,10.407,2,0,6.044
16600,16.600,299.8,-136952.141,9.304,10.533,2,0,6.154
16650,16.650,300.1,-136952.500,9.255,10.501,2,0,6.229
16700,16.700,309.8,-136952.719,9.298,10.573,2,0,6.213
16750,16.750,293.9,-136952.266,9.314,10.612,2,0,6.328
16800,16.800,307.7,-136952.672,9.285,10.540,2,0,6.313
16850,16.850,301.4,-136953.000,9.243,10.539,2,0,6.421
16900,16.900,318.9,-136953.469,9.224,10.513,2,0,6.390
16950,16.950,307.8,-136953.297,9.094,10.353,2,0,6.283
17000,17.000,316.4,-136953.125,9.176,10.453,2,0,6.291
17050,17.050,297.3,-136952.594,9.366,10.603,2,0,6.232
17100,17.100,315.0,-136953.109,9.289,10.441,2,0,6.144
17150,17.150,306.3,-136952.797,9.300,10.493,2,0,6.198
17200,17.200,295.5,-136952.359,9.218,10.420,2,0,6.213
17250,17.250,322.1,-136953.156,9.013,10.234,2,0,6.380
17300,17.300,306.2,-136952.938,8.917,10.181,2,0,6.426
17350,17.350,301.3,-136952.703,8.936,10.143,2,0,6.406
17400,17.400,293.5,-136952.656,8.700,9.954,2,0,6.596
17450,17.450,313.6,-136953.531,8.734,9.986,2,0,6.586
17500,17.500,273.0,-136952.375,8.706,10.001,2,0,6.626
17550,17.550,281.9,-136952.844,8.608,9.897,2,0,6.613
17600,17.600,289.7,-136952.875,8.734,9.994,2,0,6.711
17650,17.650,315.0,-136953.641,8.724,10.055,2,0,6.871
17700,17.700,268.8,-136952.703,8.622,9.930,2,0,6.778
17750,17.750,262.2,-136952.594,8.657,10.022,2,0,6.910
17800,17.800,277.7,-136952.484,8.572,10.009,2,0,7.028
17850,17.850,277.8,-136952.672,8.502,9.882,2,0,7.030
17900,17.900,281.7,-136953.078,8.548,9.938,2,0,7.045
17950,17.950,291.9,-136953.484,8.525,9.965,2,0,7.154
18000,18.000,291.1,-136953.438,8.600,9.968,2,0,7.068
18050,18.050,273.3,-136952.641,8.638,9.975,2,0,6.931
18100,18.100,287.4,-136952.859,8.707,10.020,2,0,7.032
18150,18.150,293.4,-136952.547,8.680,9.960,2,0,6.905
18200,18.200,294.2,-136952.969,8.710,9.926,2,0,6.890
18250,18.250,284.2,-136952.484,8.689,9.885,2,0,6.725
18300,18.300,310.1,-136952.719,8.732,9.932,2,0,6.865
18350,18.350,297.1,-136952.609,8.658,9.770,2,0,6.666
18400,18.400,300.1,-136952.641,8.522,9.663,2,0,6.880
18450,18.450,289.3,-136952.594,8.624,9.732,2,0,6.625
18500,18.500,312.9,-136952.750,8.403,9.488,2,0,6.666
18550,18.550,285.2,-136952.078,8.364,9.468,2,0,6.635
18600,18.600,331.6,-136953.391,8.385,9.469,2,0,6.684
18650,18.650,306.2,-136953.047,8.089,9.187,2,0,6.755
18700,18.700,294.6,-136952.719,8.129,9.246,2,0,6.701
18750,18.750,293.7,-136952.906,8.016,9.147,2,0,6.685
18800,18.800,287.2,-136952.938,7.825,9.045,2,0,6.961
18850,18.850,291.9,-136953.219,7.905,9.075,2,0,6.832
18900,18.900,282.1,-136953.125,7.798,9.109,2,0,7.006
18950,18.950,291.8,-136953.000,7.810,9.149,2,0,7.000
19000,19.000,307.0,-136953.016,7.789,9.150,2,0,7.044
19050,19.050,313.8,-136953.234,7.704,9.090,2,0,7.286
19100,19.100,287.4,-136952.141,7.686,9.063,2,0,7.263
19150,19.150,302.2,-136952.734,7.711,9.038,2,0,7.232
19200,19.200,301.8,-136952.656,7.752,9.112,2,0,7.237
19250,19.250,319.6,-136953.156,7.804,9.085,2,0,7.083
19300,19.300,314.5,-136952.531,7.878,9.181,2,0,7.172
19350,19.350,322.6,-136952.812,7.894,9.258,2,0,7.333
19400,19.400,319.9,-136952.500,7.858,9.247,2,0,7.448
19450,19.450,306.5,-136952.141,7.853,9.315,2,0,7.510
19500,19.500,307.9,-136952.219,7.810,9.263,2,0,7.666
19550,19.550,320.0,-136952.797,7.740,9.215,2,0,7.739
19600,19.600,317.1,-136952.938,7.760,9.210,2,0,7.760
19650,19.650,301.7,-136952.719,7.679,9.200,2,0,7.975
19700,19.700,321.8,-136952.875,7.817,9.308,2,0,7.861
19750,19.750,311.6,-136952.547,7.819,9.297,2,0,7.860
19800,19.800,312.1,-136952.891,7.940,9.370,2,0,7.684
19850,19.850,306.0,-136952.562,8.072,9.451,2,0,7.609
19900,19.900,310.5,-136953.203,7.928,9.333,2,0,7.644
19950,19.950,293.9,-136953.062,8.037,9.404,2,0,7.441
20000,20.000,282.4,-136952.281,7.999,9.301,2,0,7.172
20000,20.000,282.4,-136952.281,7.999,9.301,2,0,7.172
20050,20.050,312.5,-136953.500,7.855,9.116,2,0,7.186
20100,20.100,318.8,-136952.984,8.060,9.330,2,0,6.981
20150,20.150,320.8,-136953.078,7.957,9.165,2,0,6.934
20200,20.200,322.4,-136953.125,7.837,9.098,2,0,6.953
20250,20.250,309.2,-136952.219,7.774,8.996,2,0,6.843
20300,20.300,310.8,-136952.141,7.546,8.757,2,0,6.955
20350,20.350,333.5,-136952.812,7.477,8.676,2,0,6.881
20400,20.400,298.5,-136952.219,7.538,8.726,2,0,6.871
20450,20.450,302.2,-136952.672,7.476,8.705,2,0,6.982
20500,20.500,290.2,-136952.781,7.487,8.720,2,0,7.083
20550,20.550,287.2,-136952.484,7.500,8.746,2,0,7.102
20600,20.600,303.5,-136953.031,7.725,8.922,2,0,6.939
20650,20.650,312.5,-136953.297,7.733,8.879,2,0,6.740
20700,20.700,291.9,-136952.984,7.806,8.978,2,0,6.777
20750,20.750,290.7,-136952.969,7.689,8.882,2,0,7.000
20800,20.800,327.7,-136954.047,7.575,8.760,2,0,7.117
20850,20.850,291.4,-136953.297,7.705,8.838,2,0,6.881
20900,20.900,296.2,-136953.422,7.728,8.825,2,0,6.766
20950,20.950,285.8,-136952.969,7.836,8.856,2,0,6.575
21000,21.000,297.2,-136953.031,7.876,8.987,2,0,6.667
21050,21.050,322.4,-136953.281,7.996,9.059,2,0,6.547
21100,21.100,305.6,-136953.016,8.065,9.108,2,0,6.527
21150,21.150,313.4,-136953.188,8.091,9.110,2,0,6.266
21200,21.200,310.9,-136953.125,8.121,9.066,2,0,6.092
21250,21.250,302.3,-136952.719,7.997,9.025,2,0,6.179
21300,21.300,315.9,-136953.094,7.938,8.972,2,0,6.370
21350,21.350,309.3,-136952.594,7.879,8.900,2,0,6.388
21400,21.400,287.8,-136952.359,7.775,8.893,2,0,6.676
21450,21.450,306.6,-136953.156,7.754,8.831,2,0,6.572
21500,21.500,260.8,-136951.594,7.659,8.756,2,0,6.533
21550,21.550,285.9,-136952.047,7.793,8.933,2,0,6.476
21600,21.600,318.1,-136952.688,7.862,8.887,2,0,6.398
21650,21.650,312.0,-136952.438,7.803,8.793,2,0,6.466
21700,21.700,309.2,-136952.641,7.919,8.907,2,0,6.327
21750,21.750,305.9,-136952.703,7.761,8.694,2,0,6.245
21800,21.800,310.1,-136952.781,7.659,8.608,2,0,6.375
21850,21.850,309.0,-136952.562,7.764,8.670,2,0,6.360
21900,21.900,307.4,-136952.688,7.709,8.606,2,0,6.456
21950,21.950,328.0,-136952.719,7.780,8.694,2,0,6.482
22000,22.000,304.1,-136951.781,7.812,8.783,2,0,6.513
22050,22.050,304.7,-136952.094,7.774,8.769,2,0,6.478
22100,22.100,321.8,-136952.594,7.819,8.807,2,0,6.522
22150,22.150,323.2,-136952.500,7.754,8.821,2,0,6.724
22200,22.200,325.2,-136952.656,7.832,8.908,2,0,6.774
22250,22.250,311.1,-136952.500,7.837,8.958,2,0,6.824
22300,22.300,314.4,-136952.203,7.799,8.949,2,0,6.884
22350,22.350,283.6,-136951.328,7.969,9.091,2,0,6.782
22400,22.400,293.9,-136952.359,7.947,9.064,2,0,6.720
22450,22.450,304.3,-136952.922,7.918,8.981,2,0,6.688
22500,22.500,303.9,-136952.750,8.068,9.086,2,0,6.396
22550,22.550,308.2,-136952.594,8.032,9.048,2,0,6.429
22600,22.600,323.0,-136953.547,7.948,8.937,2,0,6.478
22650,22.650,280.0,-136952.391,7.959,8.949,2,0,6.533
22700,22.700,301.4,-136952.828,7.918,8.890,2,0,6.570
22750,22.750,318.8,-136953.172,8.060,9.016,2,0,6.411
22800,22.800,310.1,-136953.109,8.167,9.099,2,0,6.437
22850,22.850,291.3,-136952.344,8.291,9.222,2,0,6.491
22900,22.900,304.7,-136952.734,8.373,9.231,2,0,6.286
22950,22.950,274.9,-136952.422,8.264,9.130,2,0,6.249
23000,23.000,283.5,-136952.859,8.228,9.111,2,0,6.245
23050,23.050,310.3,-136953.531,8.063,8.989,2,0,6.470
23100,23.100,323.6,-136953.500,7.970,8.966,2,0,6.570
23150,23.150,297.2,-136953.234,7.793,8.813,2,0,6.683
23200,23.200,292.8,-136953.344,7.729,8.718,2,0,6.636
23250,23.250,293.9,-136953.406,7.561,8.576,2,0,6.715
23300,23.300,286.4,-136953.281,7.284,8.281,2,0,6.845
23350,23.350,291.7,-136953.516,7.114,8.104,2,0,6.714
23400,23.400,280.4,-136952.766,6.847,7.808,2,0,6.679
23450,23.450,277.2,-136952.391,6.927,7.814,2,0,6.664
23500,23.500,299.3,-136953.125,7.011,7.928,2,0,6.693
23550,23.550,291.7,-136953.188,6.941,7.849,2,0,6.702
23600,23.600,295.8,-136953.531,7.102,8.060,2,0,6.685
23650,23.650,296.6,-136953.609,7.025,8.044,2,0,6.878
23700,23.700,294.0,-136952.969,7.081,8.067,2,0,6.765
23750,23.750,322.8,-136953.844,7.002,8.048,2,0,6.790
23800,23.800,291.7,-136953.000,6.847,7.939,2,0,6.979
23850,23.850,294.7,-136953.297,6.838,7.957,2,0,7.054
23900,23.900,296.8,-136953.375,6.836,8.060,2,0,7.170
23950,23.950,276.3,-136952.641,7.007,8.271,2,0,7.116
24000,24.000,288.4,-136952.641,7.172,8.496,2,0,7.222
24050,24.050,307.0,-136952.906,7.127,8.404,2,0,7.161
24100,24.100,316.5,-136952.531,7.231,8.522,2,0,7.199
24150,24.150,297.8,-136951.922,7.180,8.494,2,0,7.276
24200,24.200,322.3,-136952.188,7.154,8.434,2,0,7.236
24250,24.250,306.9,-136951.922,7.180,8.473,2,0,7.373
24300,24.300,318.0,-136952.141,7.236,8.541,2,0,7.312
24350,24.350,323.4,-136952.734,7.280,8.550,2,0,7.141
24400,24.400,328.8,-136953.141,7.225,8.531,2,0,7.258
24450,24.450,309.1,-136952.203,7.348,8.648,2,0,7.188
24500,24.500,336.7,-136952.781,7.440,8.690,2,0,7.113
24550,24.550,319.0,-136952.641,7.482,8.754,2,0,7.227
24600,24.600,315.5,-136952.438,7.580,8.836,2,0,7.131
24650,24.650,327.4,-136952.812,7.413,8.689,2,0,7.128
24700,24.700,322.2,-136952.594,7.551,8.801,2,0,6.977
24750,24.750,317.2,-136952.016,7.554,8.848,2,0,7.004
24800,24.800,325.5,-136952.141,7.525,8.750,2,0,6.797
24850,24.850,322.1,-136952.047,7.555,8.766,2,0,6.782
24900,24.900,319.2,-136952.125,7.535,8.818,2,0,6.727
24950,24.950,343.2,-136952.797,7.470,8.696,2,0,6.655
25000,25.000,306.3,-136951.875,7.330,8.616,2,0,6.730
25000,25.000,306.3,-136951.875,7.330,8.616,2,0,6.730
25050,25.050,314.4,-136951.875,7.262,8.582,2,0,6.895
25100,25.100,338.6,-136952.844,7.311,8.576,2,0,6.814
25150,25.150,310.7,-136952.156,7.355,8.604,2,0,6.684
25200,25.200,340.3,-136952.875,7.414,8.625,2,0,6.637
25250,25.250,338.3,-136952.875,7.208,8.493,2,0,6.716
25300,25.300,337.8,-136953.234,7.159,8.489,2,0,6.804
25350,25.350,321.2,-136953.156,7.103,8.398,2,0,6.639
25400,25.400,319.0,-136953.000,6.980,8.319,2,0,6.760
25450,25.450,292.3,-136952.516,6.983,8.315,2,0,6.700
25500,25.500,293.8,-136952.688,6.986,8.358,2,0,6.626
25550,25.550,301.8,-136952.172,6.911,8.296,2,0,6.589
25600,25.600,318.8,-136952.750,6.940,8.303,2,0,6.425
25650,25.650,303.3,-136952.562,6.923,8.386,2,0,6.641
25700,25.700,291.7,-136952.250,7.048,8.568,2,0,6.674
25750,25.750,319.6,-136953.109,7.020,8.619,2,0,6.829
25800,25.800,327.7,-136953.062,7.065,8.682,2,0,6.750
25850,25.850,300.1,-136952.266,7.068,8.673,2,0,6.631
25900,25.900,300.6,-136952.391,6.929,8.604,2,0,6.796
25950,25.950,341.8,-136953.906,7.009,8.676,2,0,6.935
26000,26.000,305.4,-136953.125,7.017,8.759,2,0,7.039
26050,26.050,334.6,-136953.359,7.038,8.782,2,0,7.058
26100,26.100,319.4,-136952.953,7.056,8.766,2,0,6.983
26150,26.150,306.0,-136952.906,6.970,8.734,2,0,7.143
26200,26.200,303.8,-136952.938,7.120,8.799,2,0,7.019
26250,26.250,316.0,-136953.469,6.996,8.647,2,0,7.033
26300,26.300,306.9,-136953.328,7.183,8.721,2,0,6.788
26350,26.350,305.1,-136953.047,7.259,8.782,2,0,6.692
26400,26.400,298.3,-136953.391,7.146,8.682,2,0,6.722
26450,26.450,310.1,-136953.719,7.300,8.856,2,0,6.808
26500,26.500,294.6,-136952.672,7.081,8.720,2,0,6.877
26550,26.550,292.5,-136952.844,7.037,8.617,2,0,6.683
26600,26.600,297.6,-136952.891,6.946,8.569,2,0,6.777
26650,26.650,311.7,-136953.344,6.859,8.568,2,0,6.930
26700,26.700,313.6,-136953.094,6.965,8.663,2,0,7.007
26750,26.750,310.8,-136953.000,7.024,8.803,2,0,7.107
26800,26.800,299.3,-136952.781,7.087,8.979,2,0,7.162
26850,26.850,326.7,-136953.625,7.156,8.962,2,0,7.059
26900,26.900,311.9,-136953.344,7.129,8.972,2,0,7.144
26950,26.950,311.5,-136952.703,7.209,9.133,2,0,7.184
27000,27.000,310.2,-136952.797,7.191,9.049,2,0,7.185
27050,27.050,317.4,-136952.516,7.194,9.128,2,0,7.406
27100,27.100,322.3,-136952.609,7.286,9.254,2,0,7.442
27150,27.150,293.1,-136951.859,7.312,9.222,2,0,7.219
27200,27.200,305.2,-136952.203,7.335,9.281,2,0,7.271
27250,27.250,320.7,-136952.859,7.447,9.412,2,0,7.311
27300,27.300,311.9,-136953.016,7.407,9.340,2,0,7.289
27350,27.350,317.2,-136952.828,7.441,9.386,2,0,7.156
27400,27.400,317.6,-136952.688,7.642,9.446,2,0,6.882
27450,27.450,288.4,-136952.266,7.753,9.479,2,0,6.725
27500,27.500,300.1,-136953.109,7.806,9.474,2,0,6.497
27550,27.550,290.9,-136952.953,7.917,9.564,2,0,6.394
27600,27.600,310.6,-136953.297,7.875,9.487,2,0,6.423
27650,27.650,279.2,-136952.031,7.836,9.383,2,0,6.328
27700,27.700,309.0,-136952.812,7.963,9.454,2,0,6.191
27750,27.750,306.8,-136952.469,7.881,9.335,2,0,6.118
27800,27.800,317.2,-136952.703,7.797,9.244,2,0,6.028
27850,27.850,328.1,-136953.000,7.806,9.240,2,0,5.886
27900,27.900,288.2,-136951.812,7.696,9.191,2,0,6.076
27950,27.950,284.2,-136952.109,7.720,9.190,2,0,6.022
28000,28.000,304.3,-136952.766,7.776,9.257,2,0,6.024
28050,28.050,305.6,-136952.531,7.694,9.224,2,0,6.171
28100,28.100,325.3,-136952.984,7.597,9.147,2,0,6.298
28150,28.150,308.4,-136952.281,7.547,9.187,2,0,6.461
28200,28.200,321.1,-136952.734,7.357,9.081,2,0,6.659
28250,28.250,316.4,-136952.766,7.240,8.968,2,0,6.845
28300,28.300,317.4,-136952.359,7.169,9.025,2,0,7.149
28350,28.350,316.2,-136952.109,7.128,9.028,2,0,7.230
28400,28.400,304.6,-136951.984,7.220,9.102,2,0,7.274
28450,28.450,313.9,-136952.250,7.358,9.266,2,0,7.405
28500,28.500,339.1,-136952.969,7.415,9.276,2,0,7.408
28550,28.550,299.8,-136952.578,7.407,9.321,2,0,7.504
28600,28.600,309.8,-136952.766,7.391,9.373,2,0,7.688
28650,28.650,292.4,-136952.938,7.323,9.310,2,0,7.731
28700,28.700,310.6,-136953.641,7.199,9.221,2,0,7.856
28750,28.750,275.1,-136952.781,7.187,9.158,2,0,7.980
28800,28.800,282.0,-136952.578,7.307,9.269,2,0,7.781
28850,28.850,281.1,-136952.828,7.353,9.211,2,0,7.627
28900,28.900,295.0,-136953.500,7.500,9.244,2,0,7.504
28950,28.950,295.4,-136953.453,7.715,9.390,2,0,7.384
29000,29.000,281.0,-136953.328,7.753,9.358,2,0,7.311
29050,29.050,294.3,-136953.547,7.912,9.474,2,0,7.204
29100,29.100,296.3,-136953.375,7.978,9.478,2,0,7.234
29150,29.150,296.4,-136953.141,7.947,9.407,2,0,7.211
29200,29.200,282.8,-136953.344,8.071,9.528,2,0,7.084
29250,29.250,288.0,-136953.328,7.933,9.473,2,0,7.288
29300,29.300,302.1,-136953.531,7.952,9.508,2,0,7.399
29350,29.350,296.0,-136953.281,8.094,9.723,2,0,7.456
29400,29.400,313.2,-136953.219,8.058,9.743,2,0,7.547
29450,29.450,325.2,-136953.500,8.054,9.771,2,0,7.616
29500,29.500,300.9,-136952.453,8.124,9.920,2,0,7.799
29550,29.550,317.5,-136952.719,8.299,10.122,2,0,7.784
29600,29.600,324.0,-136953.234,8.267,10.081,2,0,7.690
29650,29.650,303.4,-136952.500,8.284,10.078,2,0,7.573
29700,29.700,314.2,-136952.922,8.272,10.043,2,0,7.548
29750,29.750,321.6,-136952.812,8.191,9.897,2,0,7.489
29800,29.800,337.0,-136953.312,8.200,9.822,2,0,7.335
29850,29.850,301.0,-136952.094,8.240,9.898,2,0,7.388
29900,29.900,300.8,-136952.297,8.061,9.683,2,0,7.490
29950,29.950,310.1,-136952.953,8.050,9.661,2,0,7.534
30000,30.000,337.1,-136953.891,7.994,9.582,2,0,7.387
30000,30.000,337.1,-136953.891,7.994,9.582,2,0,7.387
30050,30.050,302.8,-136952.750,7.837,9.386,2,0,7.404
30100,30.100,334.3,-136953.438,7.969,9.500,2,0,7.418
30150,30.150,304.3,-136952.703,7.865,9.414,2,0,7.506
30200,30.200,299.1,-136952.719,7.782,9.319,2,0,7.442
30250,30.250,302.2,-136952.156,7.923,9.452,2,0,7.315
30300,30.300,320.1,-136953.062,7.842,9.444,2,0,7.453
30350,30.350,291.6,-136951.984,7.715,9.419,2,0,7.688
30400,30.400,305.7,-136952.484,7.823,9.634,2,0,7.750
30450,30.450,315.8,-136952.625,7.819,9.660,2,0,7.734
30500,30.500,296.4,-136952.578,7.804,9.632,2,0,7.665
30550,30.550,309.4,-136953.172,7.978,9.745,2,0,7.634
30600,30.600,315.1,-136953.656,8.015,9.887,2,0,7.820
30650,30.650,298.1,-136953.516,8.056,9.838,2,0,7.665
30700,30.700,295.5,-136953.578,8.112,9.887,2,0,7.666
30750,30.750,285.2,-136953.250,8.142,9.874,2,0,7.688
30800,30.800,288.6,-136953.156,8.039,9.765,2,0,7.815
30850,30.850,281.8,-136952.672,8.058,9.764,2,0,7.835
30900,30.900,286.1,-136952.875,7.925,9.643,2,0,7.853
30950,30.950,300.5,-136953.125,7.859,9.625,2,0,7.960
31000,31.000,302.8,-136953.094,7.849,9.646,2,0,7.996
31050,31.050,293.8,-136953.297,7.718,9.626,2,0,8.224
31100,31.100,277.6,-136952.500,7.770,9.720,2,0,8.243
31150,31.150,293.4,-136953.172,7.844,9.746,2,0,8.071
31200,31.200,311.7,-136953.797,7.829,9.725,2,0,8.096
31250,31.250,305.7,-136953.609,7.932,9.768,2,0,7.942
31300,31.300,287.2,-136952.844,7.825,9.733,2,0,7.983
31350,31.350,282.0,-136952.594,7.845,9.746,2,0,7.905
31400,31.400,284.4,-136953.031,7.871,9.802,2,0,7.887
31450,31.450,306.0,-136953.609,7.860,9.813,2,0,7.973
31500,31.500,322.5,-136953.688,7.862,9.825,2,0,7.931
31550,31.550,306.6,-136953.250,7.825,9.780,2,0,7.849
31600,31.600,311.6,-136953.781,7.845,9.790,2,0,7.761
31650,31.650,294.2,-136953.344,7.755,9.741,2,0,7.802
31700,31.700,297.7,-136953.484,7.673,9.708,2,0,7.760
31750,31.750,296.7,-136953.781,7.646,9.705,2,0,7.688
31800,31.800,281.1,-136953.156,7.606,9.689,2,0,7.634
31850,31.850,309.8,-136954.062,7.669,9.708,2,0,7.608
31900,31.900,282.6,-136953.125,7.687,9.796,2,0,7.668
31950,31.950,268.3,-136953.188,7.492,9.569,2,0,7.644
32000,32.000,269.3,-136953.359,7.480,9.557,2,0,7.480
32050,32.050,276.4,-136953.266,7.470,9.476,2,0,7.232
32100,32.100,294.6,-136954.062,7.504,9.414,2,0,7.074
32150,32.150,301.0,-136953.875,7.518,9.434,2,0,7.181
32200,32.200,311.5,-136954.078,7.474,9.351,2,0,7.207
32250,32.250,291.0,-136953.422,7.371,9.224,2,0,7.282
32300,32.300,292.8,-136953.641,7.336,9.193,2,0,7.368
32350,32.350,290.3,-136953.750,7.221,9.070,2,0,7.268
32400,32.400,300.9,-136953.484,7.157,9.084,2,0,7.294
32450,32.450,313.6,-136953.703,7.249,9.153,2,0,7.276
32500,32.500,324.8,-136954.000,7.346,9.186,2,0,7.209
32550,32.550,295.3,-136952.922,7.529,9.376,2,0,7.234
32600,32.600,313.8,-136953.188,7.685,9.475,2,0,7.094
32650,32.650,285.5,-136952.891,7.716,9.488,2,0,6.977
32700,32.700,306.2,-136953.078,7.772,9.557,2,0,6.997
32750,32.750,285.5,-136952.672,7.777,9.541,2,0,7.055
32800,32.800,300.5,-136952.781,7.746,9.594,2,0,7.307
32850,32.850,315.1,-136953.484,7.821,9.653,2,0,7.281
32900,32.900,303.9,-136953.188,7.747,9.660,2,0,7.321
32950,32.950,305.1,-136953.156,7.756,9.670,2,0,7.342
33000,33.000,306.3,-136953.375,7.724,9.628,2,0,7.410
33050,33.050,322.8,-136953.297,7.757,9.712,2,0,7.521
33100,33.100,330.6,-136953.234,7.716,9.645,2,0,7.418
33150,33.150,304.6,-136952.875,7.816,9.770,2,0,7.306
33200,33.200,304.1,-136953.172,7.970,9.862,2,0,7.105
33250,33.250,305.3,-136952.859,7.927,9.875,2,0,7.094
33300,33.300,315.2,-136953.344,8.043,9.943,2,0,6.929
33350,33.350,300.2,-136953.078,7.873,9.886,2,0,7.097
33400,33.400,316.4,-136953.328,7.693,9.663,2,0,7.019
33450,33.450,297.6,-136952.656,7.642,9.633,2,0,7.101
33500,33.500,297.8,-136953.000,7.478,9.614,2,0,7.160
33550,33.550,289.6,-136952.719,7.497,9.582,2,0,6.945
33600,33.600,302.8,-136953.141,7.463,9.658,2,0,7.119
33650,33.650,282.9,-136952.656,7.371,9.602,2,0,7.124
33700,33.700,324.0,-136954.062,7.340,9.639,2,0,7.263
33750,33.750,293.1,-136953.688,7.268,9.656,2,0,7.467
33800,33.800,314.1,-136954.062,7.345,9.701,2,0,7.448
33850,33.850,323.5,-136954.031,7.535,9.854,2,0,7.323
33900,33.900,303.4,-136953.844,7.750,9.998,2,0,7.125
33950,33.950,313.8,-136953.844,7.962,10.158,2,0,6.998
34000,34.000,313.8,-136953.344,8.008,10.280,2,0,7.160
34050,34.050,329.6,-136953.469,7.937,10.183,2,0,7.279
34100,34.100,307.5,-136953.391,7.764,10.057,2,0,7.392
34150,34.150,290.4,-136953.266,7.666,10.015,2,0,7.463
34200,34.200,278.5,-136952.844,7.668,10.002,2,0,7.493
34250,34.250,292.3,-136953.219,7.748,10.148,2,0,7.583
34300,34.300,300.7,-136953.078,7.797,10.119,2,0,7.487
34350,34.350,285.3,-136952.469,7.882,10.211,2,0,7.490
34400,34.400,291.6,-136952.938,7.681,10.082,2,0,7.706
34450,34.450,297.4,-136953.516,7.634,9.898,2,0,7.538
34500,34.500,300.6,-136953.469,7.615,9.940,2,0,7.642
34550,34.550,292.5,-136953.078,7.498,9.779,2,0,7.668
34600,34.600,284.5,-136953.016,7.486,9.796,2,0,7.598
34650,34.650,287.8,-136953.141,7.396,9.718,2,0,7.478
34700,34.700,284.9,-136952.938,7.283,9.652,2,0,7.619
34750,34.750,283.4,-136953.344,7.213,9.593,2,0,7.683
34800,34.800,289.1,-136953.984,7.103,9.464,2,0,7.709
34850,34.850,275.6,-136953.422,7.047,9.398,2,0,7.565
34900,34.900,287.5,-136953.328,7.010,9.313,2,0,7.528
34950,34.950,275.4,-136953.234,7.027,9.255,2,0,7.464
35000,35.000,280.2,-136953.250,7.130,9.367,2,0,7.414
35000,35.000,280.2,-136953.250,7.130,9.367,2,0,7.414
35050,35.050,312.4,-136954.094,7.096,9.287,2,0,7.301
35100,35.100,308.8,-136953.703,7.012,9.160,2,0,7.219
35150,35.150,302.9,-136953.109,7.026,9.142,2,0,7.135
35200,35.200,291.8,-136953.203,6.971,9.067,2,0,7.130
35250,35.250,284.7,-136952.734,6.912,9.075,2,0,7.241
35300,35.300,318.1,-136953.156,6.920,9.131,2,0,7.280
35350,35.350,311.6,-136952.844,6.937,9.202,2,0,7.262
35400,35.400,309.8,-136952.891,6.960,9.350,2,0,7.468
35450,35.450,326.6,-136953.609,6.996,9.344,2,0,7.381
35500,35.500,304.9,-136952.828,7.147,9.478,2,0,7.290
35550,35.550,307.3,-136952.938,7.134,9.520,2,0,7.399
35600,35.600,301.7,-136952.844,7.244,9.504,2,0,7.257
35650,35.650,308.7,-136953.281,7.172,9.396,2,0,7.272
35700,35.700,290.2,-136952.297,7.027,9.254,2,0,7.224
35750,35.750,316.2,-136952.938,7.025,9.204,2,0,7.194
35800,35.800,326.6,-136952.828,6.958,9.137,2,0,7.227
35850,35.850,308.7,-136952.797,6.892,9.075,2,0,7.275
35900,35.900,308.1,-136953.094,6.954,9.107,2,0,7.209
35950,35.950,285.0,-136952.781,6.824,8.978,2,0,7.196
36000,36.000,315.7,-136953.359,6.796,8.955,2,0,7.153
36050,36.050,293.7,-136952.781,6.840,8.996,2,0,7.264
36100,36.100,284.6,-136952.422,6.793,8.991,2,0,7.352
36150,36.150,287.7,-136952.344,6.909,9.049,2,0,7.335
36200,36.200,324.7,-136953.078,6.857,9.066,2,0,7.452
36250,36.250,322.0,-136953.281,6.818,9.123,2,0,7.611
36300,36.300,294.8,-136952.266,6.888,9.116,2,0,7.563
36350,36.350,298.5,-136952.250,6.732,9.120,2,0,7.918
36400,36.400,327.0,-136952.484,6.862,9.211,2,0,7.801
36450,36.450,338.8,-136952.844,6.730,9.167,2,0,7.830
36500,36.500,337.4,-136952.312,6.564,9.063,2,0,7.974
36550,36.550,319.2,-136952.141,6.629,8.997,2,0,7.986
36600,36.600,323.9,-136952.250,6.634,9.008,2,0,8.070
36650,36.650,314.4,-136952.406,6.718,9.030,2,0,7.888
36700,36.700,286.7,-136952.141,6.805,9.008,2,0,7.620
36750,36.750,321.7,-136952.469,6.815,9.117,2,0,7.670
36800,36.800,328.4,-136952.734,6.926,9.092,2,0,7.588
36850,36.850,324.4,-136952.234,6.883,9.096,2,0,7.802
36900,36.900,335.8,-136952.641,7.013,9.254,2,0,7.832
36950,36.950,329.5,-136952.688,7.005,9.212,2,0,7.734
37000,37.000,334.3,-136952.500,7.004,9.276,2,0,7.719
37050,37.050,309.2,-136952.359,7.186,9.464,2,0,7.745
37100,37.100,325.4,-136952.656,7.234,9.478,2,0,7.724
37150,37.150,326.1,-136952.938,7.249,9.542,2,0,7.842
37200,37.200,322.1,-136953.125,7.240,9.570,2,0,7.712
37250,37.250,328.4,-136953.422,7.176,9.456,2,0,7.678
37300,37.300,321.0,-136953.328,7.068,9.303,2,0,7.788
37350,37.350,293.0,-136952.781,7.009,9.232,2,0,7.806
37400,37.400,333.2,-136953.938,6.877,9.083,2,0,7.759
37450,37.450,310.2,-136953.297,6.764,8.908,2,0,7.723
37500,37.500,316.4,-136953.125,6.735,8.870,2,0,7.734
37550,37.550,327.0,-136953.703,6.636,8.849,2,0,7.882
37600,37.600,318.2,-136953.281,6.527,8.684,2,0,7.907
37650,37.650,298.7,-136953.016,6.612,8.816,2,0,7.805
37700,37.700,292.8,-136953.109,6.616,8.777,2,0,7.771
37750,37.750,318.5,-136953.953,6.716,8.802,2,0,7.617
37800,37.800,301.5,-136953.328,6.885,9.016,2,0,7.600
37850,37.850,299.5,-136953.422,7.034,9.054,2,0,7.304
37900,37.900,291.5,-136953.531,7.063,8.981,2,0,7.173
37950,37.950,288.2,-136953.312,7.176,9.112,2,0,7.167
38000,38.000,299.9,-136953.844,7.052,8.951,2,0,7.215
38050,38.050,284.1,-136953.391,7.012,8.906,2,0,7.244
38100,38.100,298.4,-136953.562,7.110,9.079,2,0,7.336
38150,38.150,305.2,-136953.984,7.128,9.001,2,0,7.344
38200,38.200,308.8,-136953.609,7.213,9.089,2,0,7.154
38250,38.250,313.7,-136953.672,7.230,9.132,2,0,7.057
38300,38.300,297.2,-136953.516,7.236,9.069,2,0,7.037
38350,38.350,291.2,-136953.984,7.260,9.027,2,0,6.994
38400,38.400,293.1,-136953.484,7.246,9.057,2,0,6.900
38450,38.450,281.1,-136953.672,7.291,9.089,2,0,6.858
38500,38.500,278.6,-136953.438,7.226,9.079,2,0,6.871
38550,38.550,296.1,-136953.531,7.163,8.994,2,0,6.888
38600,38.600,273.6,-136952.875,7.163,8.987,2,0,6.891
38650,38.650,299.1,-136953.578,7.045,8.917,2,0,7.016
38700,38.700,287.0,-136953.562,7.064,8.867,2,0,6.901
38750,38.750,296.9,-136953.391,6.973,8.790,2,0,6.938
38800,38.800,305.4,-136953.672,6.922,8.751,2,0,6.937
38850,38.850,279.6,-136953.281,7.001,8.740,2,0,6.849
38900,38.900,281.2,-136953.234,6.902,8.657,2,0,6.940
38950,38.950,274.8,-136953.203,6.979,8.668,2,0,6.828
39000,39.000,286.1,-136953.547,6.941,8.691,2,0,6.936
39050,39.050,283.7,-136953.734,6.918,8.651,2,0,6.905
39100,39.100,290.3,-136953.328,7.131,8.861,2,0,6.856
39150,39.150,282.6,-136953.172,7.259,9.034,2,0,6.985
39200,39.200,311.2,-136954.109,7.392,9.118,2,0,6.863
39250,39.250,280.0,-136953.719,7.405,9.226,2,0,6.957
39300,39.300,285.5,-136953.844,7.391,9.262,2,0,6.944
39350,39.350,275.1,-136953.406,7.300,9.157,2,0,6.979
39400,39.400,297.2,-136953.906,7.252,9.216,2,0,7.234
39450,39.450,289.8,-136953.828,7.403,9.328,2,0,7.193
39500,39.500,283.2,-136954.000,7.435,9.415,2,0,7.149
39550,39.550,291.5,-136954.312,7.575,9.572,2,0,7.179
39600,39.600,269.3,-136954.031,7.550,9.473,2,0,7.098
39650,39.650,283.0,-136953.906,7.487,9.472,2,0,7.159
39700,39.700,287.7,-136954.047,7.541,9.467,2,0,6.992
39750,39.750,285.1,-136953.578,7.546,9.428,2,0,6.929
39800,39.800,288.6,-136953.422,7.535,9.386,2,0,6.869
39850,39.850,302.6,-136953.672,7.630,9.431,2,0,6.867
39900,39.900,306.7,-136953.703,7.696,9.555,2,0,6.980
39950,39.950,308.0,-136953.828,7.646,9.499,2,0,6.986
40000,40.000,289.7,-136953.422,7.572,9.444,2,0,7.071
40000,40.000,289.7,-136953.422,7.572,9.444,2,0,7.071
40050,40.050,289.9,-136953.172,7.599,9.568,2,0,7.186
40100,40.100,282.2,-136952.719,7.607,9.503,2,0,7.126
40150,40.150,301.4,-136953.281,7.508,9.427,2,0,7.138
40200,40.200,308.5,-136953.781,7.473,9.347,2,0,7.156
40250,40.250,296.2,-136953.344,7.399,9.272,2,0,7.208
40300,40.300,284.7,-136953.141,7.325,9.270,2,0,7.350
40350,40.350,273.0,-136952.750,7.350,9.233,2,0,7.240
40400,40.400,290.4,-136953.188,7.391,9.352,2,0,7.304
40450,40.450,309.1,-136953.672,7.499,9.495,2,0,7.222
40500,40.500,286.8,-136952.906,7.427,9.355,2,0,7.051
40550,40.550,285.5,-136953.016,7.325,9.284,2,0,7.036
40600,40.600,298.0,-136953.328,7.376,9.324,2,0,7.070
40650,40.650,315.3,-136953.672,7.387,9.271,2,0,6.910
40700,40.700,340.7,-136954.422,7.404,9.328,2,0,7.006
40750,40.750,315.3,-136953.531,7.421,9.331,2,0,6.997
40800,40.800,319.0,-136953.938,7.349,9.281,2,0,6.947
40850,40.850,303.7,-136953.703,7.266,9.255,2,0,7.109
40900,40.900,277.2,-136953.188,7.290,9.316,2,0,7.131
40950,40.950,300.3,-136953.984,7.285,9.375,2,0,7.282
41000,41.000,287.5,-136953.656,7.288,9.446,2,0,7.413
41050,41.050,315.1,-136954.344,7.532,9.637,2,0,7.435
41100,41.100,288.1,-136953.375,7.526,9.753,2,0,7.537
41150,41.150,291.7,-136953.453,7.535,9.750,2,0,7.514
41200,41.200,281.8,-136953.734,7.617,9.905,2,0,7.628
41250,41.250,302.2,-136953.984,7.453,9.840,2,0,7.766
41300,41.300,296.9,-136954.172,7.395,9.745,2,0,7.774
41350,41.350,294.1,-136954.266,7.343,9.777,2,0,7.836
41400,41.400,280.4,-136953.141,7.304,9.848,2,0,8.125
41450,41.450,315.1,-136953.875,7.334,9.862,2,0,8.045
41500,41.500,304.3,-136953.547,7.418,10.042,2,0,8.090
41550,41.550,296.9,-136953.625,7.425,10.048,2,0,7.981
41600,41.600,273.4,-136953.391,7.419,9.997,2,0,7.890
41650,41.650,294.7,-136953.781,7.462,10.064,2,0,7.893
41700,41.700,264.2,-136953.359,7.385,9.963,2,0,7.823
41750,41.750,295.2,-136954.109,7.318,9.783,2,0,7.698
41800,41.800,280.0,-136954.000,7.465,9.932,2,0,7.733
41850,41.850,281.7,-136954.250,7.363,9.721,2,0,7.708
41900,41.900,272.7,-136953.906,7.426,9.731,2,0,7.527
41950,41.950,284.4,-136954.062,7.457,9.837,2,0,7.596
42000,42.000,268.9,-136953.375,7.498,9.809,2,0,7.449
42050,42.050,280.5,-136953.969,7.526,9.771,2,0,7.465
42100,42.100,265.5,-136953.047,7.496,9.714,2,0,7.462
42150,42.150,313.2,-136954.250,7.357,9.431,2,0,7.316
42200,42.200,252.4,-136952.641,7.268,9.223,2,0,7.132
42250,42.250,289.8,-136953.531,7.244,9.225,2,0,7.090
42300,42.300,283.7,-136953.344,7.220,9.181,2,0,7.094
42350,42.350,290.4,-136953.703,7.205,9.166,2,0,7.242
42400,42.400,305.5,-136953.953,7.169,9.153,2,0,7.328
42450,42.450,287.0,-136953.359,7.172,9.212,2,0,7.317
42500,42.500,295.9,-136953.094,7.152,9.283,2,0,7.390
42550,42.550,291.1,-136953.234,7.127,9.331,2,0,7.418
42600,42.600,313.5,-136954.094,7.257,9.393,2,0,7.284
42650,42.650,300.3,-136953.938,7.140,9.252,2,0,7.363
42700,42.700,281.5,-136953.344,7.139,9.201,2,0,7.255
42750,42.750,308.3,-136953.781,7.125,9.185,2,0,7.298
42800,42.800,285.7,-136952.891,7.050,9.100,2,0,7.356
42850,42.850,305.0,-136953.250,7.123,9.171,2,0,7.379
42900,42.900,312.7,-136953.328,7.171,9.222,2,0,7.428
42950,42.950,301.6,-136953.000,7.187,9.321,2,0,7.456
43000,43.000,317.6,-136953.328,7.295,9.447,2,0,7.486
43050,43.050,333.0,-136953.812,7.328,9.544,2,0,7.636
43100,43.100,307.8,-136953.391,7.331,9.651,2,0,7.793
43150,43.150,301.0,-136953.328,7.591,9.854,2,0,7.648
43200,43.200,282.9,-136952.812,7.572,9.943,2,0,7.681
43250,43.250,301.1,-136953.359,7.704,10.009,2,0,7.637
43300,43.300,301.9,-136953.547,7.761,10.079,2,0,7.760
43350,43.350,311.3,-136954.094,7.761,10.092,2,0,7.894
43400,43.400,283.4,-136953.391,7.907,10.088,2,0,7.585
43450,43.450,281.9,-136953.438,7.879,10.120,2,0,7.600
43500,43.500,288.3,-136953.688,7.935,10.161,2,0,7.622
43550,43.550,293.6,-136953.734,7.895,10.072,2,0,7.495
43600,43.600,300.8,-136953.844,7.776,10.007,2,0,7.589
43650,43.650,324.4,-136954.234,7.820,9.980,2,0,7.366
43700,43.700,278.7,-136953.500,7.678,9.862,2,0,7.481
43750,43.750,285.9,-136953.594,7.602,9.837,2,0,7.630
43800,43.800,268.0,-136953.344,7.642,9.868,2,0,7.634
43850,43.850,277.3,-136953.250,7.633,9.906,2,0,7.588
43900,43.900,288.4,-136953.094,7.677,9.915,2,0,7.458
43950,43.950,301.3,-136953.578,7.687,9.913,2,0,7.442
44000,44.000,306.5,-136953.453,7.700,9.868,2,0,7.394
44050,44.050,303.5,-136953.203,7.702,9.801,2,0,7.226
44100,44.100,315.7,-136953.422,7.741,9.827,2,0,7.171
44150,44.150,277.0,-136952.719,7.714,9.732,2,0,7.156
44200,44.200,298.3,-136953.250,7.712,9.709,2,0,7.297
44250,44.250,311.8,-136953.328,7.751,9.618,2,0,6.974
44300,44.300,310.4,-136953.125,7.691,9.651,2,0,6.945
44350,44.350,319.1,-136952.547,7.665,9.635,2,0,6.859
44400,44.400,337.5,-136953.188,7.558,9.653,2,0,6.945
44450,44.450,331.1,-136953.141,7.440,9.759,2,0,7.246
44500,44.500,328.7,-136953.156,7.447,9.816,2,0,7.271
44550,44.550,302.0,-136952.594,7.401,9.940,2,0,7.420
44600,44.600,315.4,-136953.422,7.464,9.988,2,0,7.447
44650,44.650,333.1,-136954.000,7.587,10.046,2,0,7.358
44700,44.700,316.9,-136953.531,7.539,10.094,2,0,7.361
44750,44.750,299.5,-136953.328,7.602,10.071,2,0,7.203
44800,44.800,297.3,-136953.609,7.681,10.212,2,0,7.233
44850,44.850,293.2,-136954.016,7.694,10.238,2,0,7.072
44900,44.900,279.3,-136953.469,7.750,10.261,2,0,7.069
44950,44.950,283.3,-136953.828,7.581,10.316,2,0,7.375
45000,45.000,269.9,-136953.719,7.640,10.371,2,0,7.380
45000,45.000,269.9,-136953.719,7.640,10.371,2,0,7.380
45050,45.050,277.7,-136953.234,7.309,10.170,2,0,7.597
45100,45.100,289.7,-136953.375,7.252,10.229,2,0,7.785
45150,45.150,301.5,-136953.406,7.061,9.995,2,0,7.844
45200,45.200,299.8,-136953.656,6.808,9.844,2,0,7.927
45250,45.250,287.6,-136953.312,6.923,9.993,2,0,7.891
45300,45.300,294.9,-136953.703,6.812,9.866,2,0,7.970
45350,45.350,274.6,-136953.344,6.814,9.988,2,0,8.078
45400,45.400,289.9,-136953.734,6.957,10.113,2,0,7.924
45450,45.450,276.0,-136953.391,6.931,10.164,2,0,8.126
45500,45.500,293.1,-136953.719,6.974,10.201,2,0,8.027
45550,45.550,312.2,-136953.703,6.950,10.117,2,0,7.920
45600,45.600,315.4,-136953.906,6.921,10.066,2,0,7.921
45650,45.650,266.1,-136952.703,7.022,10.114,2,0,7.875
45700,45.700,290.8,-136953.609,7.015,10.105,2,0,7.714
45750,45.750,280.6,-136952.891,7.086,10.139,2,0,7.677
45800,45.800,282.5,-136953.234,7.167,10.118,2,0,7.565
45850,45.850,324.5,-136953.969,7.071,10.017,2,0,7.838
45900,45.900,308.1,-136953.531,7.127,10.026,2,0,7.807
45950,45.950,305.4,-136953.453,7.067,9.997,2,0,7.808
46000,46.000,285.1,-136952.875,7.113,9.983,2,0,7.675
46050,46.050,334.2,-136954.203,7.125,9.873,2,0,7.644
46100,46.100,344.8,-136954.219,7.063,9.775,2,0,7.693
46150,46.150,310.4,-136952.906,7.216,9.786,2,0,7.513
46200,46.200,314.5,-136953.109,7.205,9.843,2,0,7.598
46250,46.250,310.5,-136953.375,7.294,9.925,2,0,7.628
46300,46.300,311.6,-136953.344,7.403,10.021,2,0,7.530
46350,46.350,308.5,-136953.375,7.376,10.111,2,0,7.761
46400,46.400,289.2,-136953.141,7.394,10.085,2,0,7.662
46450,46.450,317.8,-136953.719,7.353,10.026,2,0,7.837
46500,46.500,301.3,-136953.438,7.311,10.048,2,0,7.984
46550,46.550,291.9,-136953.547,7.392,10.093,2,0,7.906
46600,46.600,291.7,-136953.078,7.343,10.102,2,0,8.022
46650,46.650,297.7,-136953.094,7.444,10.077,2,0,7.849
46700,46.700,297.9,-136952.672,7.463,10.052,2,0,7.733
46750,46.750,303.7,-136953.125,7.481,10.000,2,0,7.527
46800,46.800,298.2,-136952.578,7.511,9.889,2,0,7.367
46850,46.850,307.5,-136953.156,7.441,9.812,2,0,7.445
46900,46.900,288.5,-136952.938,7.472,9.792,2,0,7.341
46950,46.950,291.8,-136953.078,7.395,9.687,2,0,7.196
47000,47.000,285.0,-136953.109,7.388,9.667,2,0,7.061
47050,47.050,286.8,-136953.359,7.442,9.669,2,0,7.010
47100,47.100,283.8,-136953.359,7.296,9.522,2,0,7.140
47150,47.150,271.4,-136953.062,7.369,9.568,2,0,7.048
47200,47.200,286.3,-136953.250,7.302,9.577,2,0,7.202
47250,47.250,274.0,-136952.875,7.220,9.439,2,0,7.183
47300,47.300,293.9,-136953.328,7.218,9.452,2,0,7.354
47350,47.350,313.7,-136953.297,7.192,9.512,2,0,7.498
47400,47.400,280.1,-136952.516,7.366,9.650,2,0,7.361
47450,47.450,294.8,-136952.688,7.426,9.720,2,0,7.248
47500,47.500,292.2,-136952.953,7.507,9.784,2,0,7.072
47550,47.550,290.1,-136953.312,7.710,9.895,2,0,6.935
47600,47.600,284.0,-136953.000,7.707,9.837,2,0,6.863
47650,47.650,277.8,-136952.812,7.906,9.945,2,0,6.541
47700,47.700,317.1,-136953.531,8.158,10.012,2,0,6.167
47750,47.750,304.5,-136952.609,8.134,9.915,2,0,6.069
47800,47.800,301.6,-136952.734,8.323,10.119,2,0,6.147
47850,47.850,286.0,-136952.875,8.475,10.150,2,0,5.907
47900,47.900,304.5,-136953.422,8.377,10.107,2,0,5.954
47950,47.950,279.4,-136953.062,8.506,10.205,2,0,5.971
48000,48.000,280.3,-136952.844,8.571,10.292,2,0,5.939
48050,48.050,283.6,-136952.703,8.468,10.279,2,0,6.238
48100,48.100,287.0,-136952.469,8.737,10.609,2,0,6.263
48150,48.150,309.7,-136952.547,8.657,10.557,2,0,6.393
48200,48.200,321.9,-136952.578,8.700,10.673,2,0,6.330
48250,48.250,309.8,-136951.953,8.985,10.961,2,0,6.373
48300,48.300,334.1,-136952.562,8.889,10.935,2,0,6.444
48350,48.350,327.4,-136953.000,8.957,10.927,2,0,6.314
48400,48.400,294.5,-136952.609,9.133,11.132,2,0,6.265
48450,48.450,315.0,-136953.250,9.036,10.955,2,0,6.283
48500,48.500,300.7,-136952.719,8.921,10.905,2,0,6.396
48550,48.550,302.9,-136953.203,9.025,10.998,2,0,6.296
48600,48.600,294.6,-136953.281,9.034,11.006,2,0,6.332
48650,48.650,294.0,-136953.047,9.050,11.088,2,0,6.448
48700,48.700,293.3,-136953.000,9.078,11.004,2,0,6.286
48750,48.750,291.6,-136952.969,9.057,11.004,2,0,6.332
48800,48.800,300.9,-136953.469,9.019,11.009,2,0,6.399
48850,48.850,293.4,-136953.312,9.032,10.940,2,0,6.084
48900,48.900,289.9,-136953.000,9.104,11.093,2,0,6.118
48950,48.950,286.1,-136953.031,9.044,10.986,2,0,5.936
49000,49.000,308.8,-136953.328,8.978,10.951,2,0,6.017
49050,49.050,310.9,-136953.312,9.088,11.067,2,0,5.971
49100,49.100,306.1,-136953.328,8.966,10.889,2,0,5.937
49150,49.150,288.3,-136953.438,8.864,10.853,2,0,6.140
49200,49.200,295.1,-136953.281,8.872,10.822,2,0,5.968
49250,49.250,314.4,-136953.422,8.937,10.839,2,0,5.768
49300,49.300,297.9,-136953.188,8.977,10.926,2,0,5.898
49350,49.350,297.1,-136952.672,9.011,10.918,2,0,5.816
49400,49.400,306.2,-136953.062,9.074,10.994,2,0,5.913
49450,49.450,303.2,-136952.641,9.002,10.934,2,0,5.722
49500,49.500,312.5,-136953.234,9.097,11.046,2,0,5.832
49550,49.550,293.8,-136952.266,9.179,11.082,2,0,5.851
49600,49.600,299.6,-136952.531,9.149,11.033,2,0,6.087
49650,49.650,313.6,-136953.016,9.294,11.219,2,0,6.038
49700,49.700,310.6,-136953.219,9.355,11.340,2,0,6.084
49750,49.750,297.5,-136952.984,9.420,11.471,2,0,6.251
49800,49.800,313.5,-136952.953,9.364,11.440,2,0,6.431
49850,49.850,308.4,-136953.234,9.422,11.531,2,0,6.430
49900,49.900,312.9,-136953.219,9.393,11.555,2,0,6.525
49950,49.950,331.7,-136953.484,9.463,11.624,2,0,6.507
50000,50.000,328.5,-136952.969,9.510,11.679,2,0,6.609
50000,50.000,328.5,-136952.969,9.510,11.679,2,0,6.609
